source,lines,bytes,byte_share
ReadAt@disk_cache.go,2878464,477513355,0.6007895139825011
txn@redis.go,807316,102832775,0.12938036657366764
logRequest@cached_store.go,342994,63863617,0.08035082373475103
Write@base.go,407087,61857353,0.07782661711129316
logFreeze@writer_trace.go,101766,28475126,0.03582634272109621
logFinish@writer_trace.go,101766,19993277,0.025154796292027305
commitThread@writer.go,101788,14702442,0.01849806479974976
end@writer_trace.go,47696,8139809,0.010241204443424181
beginWriterFlush@writer_trace.go,47696,7554588,0.009504901183042378
cleanupFull-range1@disk_cache.go,33069,4544567,0.00571780489613932
getDirParent@quota.go,20910,2685342,0.003378597264691785
compactChunk@base.go,6373,1085712,0.001366002391294311
uploadStagingFile@cached_store.go,6935,1036299,0.001303832795525796
readSlice@reader.go,1038,191417,0.00024083373835269678
Compact@compact.go,1061,140400,0.0001766460495395844
upload@cached_store.go,127,52766,6.638821545588112e-05
replyAttr@fuse.go,376,37224,4.683385005741802e-05
scanCached@disk_cache.go,165,31872,4.010016304078087e-05
Readdir@vfs.go,187,21311,2.6812706280185778e-05
cleanupFull@disk_cache.go,53,12671,1.594218015467289e-05
add@disk_cache.go,53,10706,1.3469890358766314e-05
logit@accesslog.go,41,6063,7.628240729049147e-06
deleteSlice_@base.go,10,4288,5.395001854884173e-06
doUploadPart@sync.go,24,3648,4.5897776974387745e-06
Backup@backup.go,9,1455,1.8306267954422742e-06
ListAll@sharding.go,8,1264,1.590317710954663e-06
CleanupTrashBefore@base.go,10,1140,1.4343055304496169e-06
doCopyMultiple@sync.go,4,792,9.964648948386812e-07
cleanupDelayedSlices@base.go,5,705,8.870047359359473e-07
setup0@main.go,6,678,8.530343417937195e-07
CreateStorage@object_storage.go,5,672,8.45485365317669e-07
copyData@sync.go,4,643,8.089986456834243e-07
DumpMeta@redis.go,5,620,7.800609025252303e-07
scanStaging@disk_cache.go,3,586,7.372833691609434e-07
CleanStaleSessions@base.go,1,511,6.429211632103108e-07
NewClient@interface.go,2,458,5.762385376718637e-07
mount@mount.go,3,417,5.246538650855178e-07
handleFDRequest@passfd.go,4,398,5.007487729113575e-07
log@maxprocs.go,3,378,4.7558551799118877e-07
newRedisCache@redis_csc.go,2,314,3.9506310224664887e-07
checkServerConfig@redis.go,2,233,2.9315191981996556e-07
Serve@fuse.go,2,231,2.906355943279487e-07
newCacheStore@disk_cache.go,1,207,2.6043968842374623e-07
NewSession@base.go,1,159,2.0004787661534132e-07
setLimitByFreeRatio@disk_cache.go,1,155,1.9501522563130758e-07
mountMain@mount_unix.go,1,148,1.862080864092485e-07
SetIOFlusher@utils_linux.go,1,136,1.711101334571473e-07
watchdog@mount_unix.go,1,131,1.648193197271051e-07
exposeMetrics@mount.go,1,129,1.6230299423508822e-07
untagged,2,119,1.4972136677500388e-07
preloadCache@redis_csc.go,1,115,1.4468871579097012e-07
FlushAll@vfs.go,1,113,1.4217239029895326e-07
CloseSession@base.go,1,103,1.295907628388689e-07
FlushSession@base.go,1,98,1.232999491088267e-07
