21:21:33	2
21:21:34	0
21:21:35	2
21:21:36	5
21:21:37	5
21:21:38	2
21:21:39	4
21:21:40	5
21:21:41	2
21:21:42	1
21:21:43	4
21:21:44	3
21:21:45	4
21:21:46	2
21:21:47	3
21:21:48	3
21:21:49	3
21:21:50	0
21:21:51	10
21:21:52	2
21:21:53	5
21:21:54	2
21:21:55	3
21:21:56	2
21:21:57	7
21:21:58	5
21:21:59	0
21:22:00	7
21:22:01	1
21:22:02	4
21:22:03	3
21:22:04	2
21:22:05	3
21:22:06	3
21:22:07	3
21:22:08	5
21:22:09	2
21:22:10	2
21:22:11	2
21:22:12	0
21:22:13	2
21:22:14	1
21:22:15	1
21:22:16	2
21:22:17	1
21:22:18	1
21:22:19	2
21:22:20	1
21:22:21	1
21:22:22	2
21:22:23	1
21:22:24	3
21:22:25	2
21:22:26	1
21:22:27	1
21:22:28	2
21:22:29	3
21:22:30	3
21:22:31	9
21:22:32	4
21:22:33	11
21:22:34	2
21:22:35	3
21:22:36	3
21:22:37	7
21:22:38	5
21:22:39	2
21:22:40	1
21:22:41	4
21:22:42	9
21:22:43	4
21:22:44	12
21:22:45	11
21:22:46	6
21:22:47	5
21:22:48	2
21:22:49	17
21:22:50	4
21:22:51	8
21:22:52	5
21:22:53	7
21:22:54	3
21:22:55	2
21:22:56	4
21:22:57	4
21:22:58	1
21:22:59	12
21:23:00	15
21:23:01	14
21:23:02	15
21:23:03	15
21:23:04	14
21:23:05	12
21:23:06	8
21:23:07	1
21:23:08	1
21:23:09	1
21:23:10	1
21:23:11	2
21:23:12	1
21:23:13	0
21:23:14	0
21:23:15	0
21:23:16	0
21:23:17	0
21:23:18	0
21:23:19	4
21:23:20	0
21:23:21	0
21:23:22	0
21:23:23	0
21:23:24	0
21:23:25	0
21:23:26	0
21:23:27	0
21:23:28	0
21:23:29	0
21:23:30	0
21:23:31	0
21:23:32	0
21:23:33	4
21:23:34	0
21:23:35	2
21:23:36	2
21:23:37	2
21:23:38	2
21:23:39	0
21:23:40	3
21:23:41	6
21:23:42	6
21:23:43	2
21:23:44	2
21:23:45	2
21:23:46	2
21:23:47	2
21:23:48	0
21:23:49	4
21:23:50	0
21:23:51	0
21:23:52	0
21:23:53	2
21:23:54	2
21:23:55	1
21:23:56	3
21:23:57	1
21:23:58	6
21:23:59	4
21:24:00	1
21:24:01	6
21:24:02	1
21:24:03	1
21:24:04	0
21:24:05	0
21:24:06	0
21:24:07	0
21:24:08	0
21:24:09	0
21:24:10	0
21:24:11	0
21:24:12	0
21:24:13	0
21:24:14	0
21:24:15	0
21:24:16	0
21:24:17	0
21:24:18	0
21:24:19	0
21:24:20	0
21:24:21	0
21:24:22	0
21:24:23	0
21:24:24	0
21:24:25	0
21:24:26	0
21:24:27	0
21:24:28	0
21:24:29	0
21:24:30	0
21:24:31	0
21:24:32	0
21:24:33	2
21:24:34	2
21:24:35	2
21:24:36	0
21:24:37	2
21:24:38	0
21:24:39	2
21:24:40	0
21:24:41	4
21:24:42	3
21:24:43	3
21:24:44	4
21:24:45	6
21:24:46	1
21:24:47	1
21:24:48	1
21:24:49	1
21:24:50	2
21:24:51	2
21:24:52	0
21:24:53	0
21:24:54	0
21:24:55	0
21:24:56	0
21:24:57	0
21:24:58	0
21:24:59	0
21:25:00	0
21:25:01	0
21:25:02	0
21:25:03	0
21:25:04	0
21:25:05	0
21:25:06	0
21:25:07	0
21:25:08	0
21:25:09	0
21:25:10	0
21:25:11	0
21:25:12	0
21:25:13	0
21:25:14	0
21:25:15	0
21:25:16	0
21:25:17	0
21:25:18	2
21:25:19	2
21:25:20	4
21:25:21	0
21:25:22	4
21:25:23	0
21:25:24	0
21:25:25	0
21:25:26	0
21:25:27	0
21:25:28	0
21:25:29	0
21:25:30	0
21:25:31	0
21:25:32	0
21:25:33	0
21:25:34	0
21:25:35	0
21:25:36	0
21:25:37	0
21:25:38	0
21:25:39	0
21:25:40	0
21:25:41	0
21:25:42	0
21:25:43	0
21:25:44	0
21:25:45	0
21:25:46	0
21:25:47	2
21:25:48	2
21:25:49	2
21:25:50	2
21:25:51	2
21:25:52	2
21:25:53	0
21:25:54	0
21:25:55	0
21:25:56	0
21:25:57	0
21:25:58	0
21:25:59	0
21:26:00	0
21:26:01	0
21:26:02	0
21:26:03	0
21:26:04	0
21:26:05	0
21:26:06	0
21:26:07	0
21:26:08	0
21:26:09	0
21:26:10	0
21:26:11	0
21:26:12	0
21:26:13	0
21:26:14	0
21:26:15	0
21:26:16	0
21:26:17	0
21:26:18	0
21:26:19	0
21:26:20	1
21:26:21	1
21:26:22	2
21:26:23	3
21:26:24	3
21:26:25	1
21:26:26	0
21:26:27	1
21:26:28	0
21:26:29	5
21:26:30	2
21:26:31	1
21:26:32	0
21:26:33	0
21:26:34	0
21:26:35	0
21:26:36	0
21:26:37	0
21:26:38	0
21:26:39	0
21:26:40	0
21:26:41	0
21:26:42	0
21:26:43	0
21:26:44	0
21:26:45	0
21:26:46	0
21:26:47	0
21:26:48	0
21:26:49	0
21:26:50	0
21:26:51	0
21:26:52	3
21:26:53	1
21:26:54	3
21:26:55	1
21:26:56	2
21:26:57	0
21:26:58	5
21:26:59	0
21:27:00	1
21:27:01	1
21:27:02	4
21:27:03	1
21:27:04	1
21:27:05	0
21:27:06	0
21:27:07	0
21:27:08	0
21:27:09	0
21:27:10	0
21:27:11	0
21:27:12	0
21:27:13	0
21:27:14	0
21:27:15	0
21:27:16	0
21:27:17	2
21:27:18	2
21:27:19	3
21:27:20	2
21:27:21	4
21:27:22	2
21:27:23	0
21:27:24	2
21:27:25	4
21:27:26	4
21:27:27	0
21:27:28	3
21:27:29	3
21:27:30	5
21:27:31	4
21:27:32	3
21:27:33	8
21:27:34	3
21:27:35	7
21:27:36	3
21:27:37	4
21:27:38	5
21:27:39	4
21:27:40	5
21:27:41	6
21:27:42	5
21:27:43	7
21:27:44	4
21:27:45	5
21:27:46	3
21:27:47	3
21:27:48	3
21:27:49	3
21:27:50	2
21:27:51	3
21:27:52	6
21:27:53	3
21:27:54	4
21:27:55	4
21:27:56	10
21:27:57	5
21:27:58	4
21:27:59	11
21:28:00	2
21:28:01	19
21:28:02	2
21:28:03	6
21:28:04	8
21:28:05	4
21:28:06	5
21:28:07	3
21:28:08	1
21:28:09	3
21:28:10	6
21:28:11	4
21:28:12	3
21:28:13	3
21:28:14	1
21:28:15	8
21:28:16	1
21:28:17	1
21:28:18	1
21:28:19	4
21:28:20	3
21:28:21	4
21:28:22	4
21:28:23	6
21:28:24	1
21:28:25	1
21:28:26	2
21:28:27	2
21:28:28	2
21:28:29	0
21:28:30	4
21:28:31	0
21:28:32	1
21:28:33	2
21:28:34	1
21:28:35	1
21:28:36	1
21:28:37	2
21:28:38	5
21:28:39	3
21:28:40	1
21:28:41	1
21:28:42	0
21:28:43	4
21:28:44	0
21:28:45	4
21:28:46	2
21:28:47	2
21:28:48	0
21:28:49	1
21:28:50	1
21:28:51	7
21:28:52	1
21:28:53	0
21:28:54	7
21:28:55	0
21:28:56	0
21:28:57	0
21:28:58	10
21:28:59	0
21:29:00	4
21:29:01	2
21:29:02	4
21:29:03	0
21:29:04	2
21:29:05	2
21:29:06	2
21:29:07	2
21:29:08	1
21:29:09	1
21:29:10	17
21:29:11	5
21:29:12	16
21:29:13	4
21:29:14	0
21:29:15	7
21:29:16	5
21:29:17	3
21:29:18	6
21:29:19	1
21:29:20	1
21:29:21	0
21:29:22	4
21:29:23	2
21:29:24	2
21:29:25	5
21:29:26	4
21:29:27	5
21:29:28	2
21:29:29	6
21:29:30	6
21:29:31	6
21:29:32	4
21:29:33	6
21:29:34	6
21:29:35	5
21:29:36	7
21:29:37	3
21:29:38	10
21:29:39	3
21:29:40	11
21:29:41	3
21:29:42	0
21:29:43	3
21:29:44	1
21:29:45	17
21:29:46	1
21:29:47	5
21:29:48	3
21:29:49	2
21:29:50	1
21:29:51	2
21:29:52	1
21:29:53	0
21:29:54	6
21:29:55	20
21:29:56	5
21:29:57	24
21:29:58	0
21:29:59	0
21:30:00	3
21:30:01	1
21:30:02	1
21:30:03	3
21:30:04	1
21:30:05	2
21:30:06	1
21:30:07	1
21:30:08	1
21:30:09	1
21:30:10	2
21:30:11	1
21:30:12	1
21:30:13	1
21:30:14	0
21:30:15	0
21:30:16	0
21:30:17	0
21:30:18	1
21:30:19	0
21:30:20	0
21:30:21	0
21:30:22	0
21:30:23	0
21:30:24	0
21:30:25	0
21:30:26	0
21:30:27	3
21:30:28	1
21:30:29	5
21:30:30	3
21:30:31	0
21:30:32	1
21:30:33	1
21:30:34	0
21:30:35	0
21:30:36	0
21:30:37	0
21:30:38	0
21:30:39	0
21:30:40	0
21:30:41	0
21:30:42	0
21:30:43	22
21:30:44	0
21:30:45	10
21:30:46	0
21:30:47	0
21:30:48	6
21:30:49	0
21:30:50	0
21:30:51	0
21:30:52	0
21:30:53	0
21:30:54	0
21:30:55	0
21:30:56	0
21:30:57	0
21:30:58	0
21:30:59	0
21:31:00	2
21:31:01	2
21:31:02	0
21:31:03	2
21:31:04	1
21:31:05	6
21:31:06	0
21:31:07	1
21:31:08	1
21:31:09	1
21:31:10	1
21:31:11	0
21:31:12	0
21:31:13	0
21:31:14	0
21:31:15	0
21:31:16	4
21:31:17	0
21:31:18	0
21:31:19	20
21:31:20	0
21:31:21	2
21:31:22	0
21:31:23	26
21:31:24	0
21:31:25	2
21:31:26	0
21:31:27	0
21:31:28	0
21:31:29	0
21:31:30	0
21:31:31	0
21:31:32	0
21:31:33	0
21:31:34	2
21:31:35	0
21:31:36	0
21:31:37	0
21:31:38	0
21:31:39	0
21:31:40	0
21:31:41	0
21:31:42	0
21:31:43	0
21:31:44	0
21:31:45	0
21:31:46	0
21:31:47	0
21:31:48	0
21:31:49	0
21:31:50	2
21:31:51	0
21:31:52	0
21:31:53	0
21:31:54	0
21:31:55	0
21:31:56	0
21:31:57	0
21:31:58	0
21:31:59	0
21:32:00	0
21:32:01	0
21:32:02	0
21:32:03	0
21:32:04	1
21:32:05	2
21:32:06	1
21:32:07	1
21:32:08	0
21:32:09	1
21:32:10	1
21:32:11	2
21:32:12	0
21:32:13	38
21:32:14	2
21:32:15	0
21:32:16	5
21:32:17	35
21:32:18	2
21:32:19	4
21:32:20	0
21:32:21	0
21:32:22	0
21:32:23	0
21:32:24	0
21:32:25	2
21:32:26	0
21:32:27	0
21:32:28	0
21:32:29	36
21:32:30	1
21:32:31	3
21:32:32	24
21:32:33	16
21:32:34	4
21:32:35	4
21:32:36	9
21:32:37	5
21:32:38	4
21:32:39	11
21:32:40	5
21:32:41	35
21:32:42	6
21:32:43	1
21:32:44	15
21:32:45	5
21:32:46	0
21:32:47	14
21:32:48	2
21:32:49	17
21:32:50	12
21:32:51	32
21:32:52	10
21:32:53	26
21:32:54	11
21:32:55	19
21:32:56	26
21:32:57	20
21:32:58	15
21:32:59	20
21:33:00	24
21:33:01	13
21:33:02	15
21:33:03	18
21:33:04	22
21:33:05	11
21:33:06	17
21:33:07	17
21:33:08	11
21:33:09	20
21:33:10	14
21:33:11	8
21:33:12	22
21:33:13	24
21:33:14	16
21:33:15	19
21:33:16	39
21:33:17	23
21:33:18	16
21:33:19	8
21:33:20	17
21:33:21	24
21:33:22	18
21:33:23	28
21:33:24	14
21:33:25	14
21:33:26	24
21:33:27	34
21:33:28	13
21:33:29	13
21:33:30	14
21:33:31	18
21:33:32	14
21:33:33	16
21:33:34	27
21:33:35	9
21:33:36	18
21:33:37	24
21:33:38	19
21:33:39	18
21:33:40	17
21:33:41	18
21:33:42	30
21:33:43	17
21:33:44	3
21:33:45	10
21:33:46	22
21:33:47	15
21:33:48	15
21:33:49	2
21:33:50	17
21:33:51	8
21:33:52	22
21:33:53	5
21:33:54	4
21:33:55	9
21:33:56	1
21:33:57	11
21:33:58	6
21:33:59	9
21:34:00	7
21:34:01	18
21:34:02	8
21:34:03	0
21:34:04	4
21:34:05	31
21:34:06	8
21:34:07	34
21:34:08	8
21:34:09	18
21:34:10	17
21:34:11	22
21:34:12	20
21:34:13	17
21:34:14	12
21:34:15	24
21:34:16	18
21:34:17	19
21:34:18	19
21:34:19	16
21:34:20	21
21:34:21	13
21:34:22	14
21:34:23	27
21:34:24	7
21:34:25	18
21:34:26	18
21:34:27	19
21:34:28	8
21:34:29	26
21:34:30	9
21:34:31	14
21:34:32	33
21:34:33	21
21:34:34	7
21:34:35	6
21:34:36	29
21:34:37	34
21:34:38	12
21:34:39	22
21:34:40	15
21:34:41	15
21:34:42	28
21:34:43	19
21:34:44	22
21:34:45	16
21:34:46	15
21:34:47	17
21:34:48	32
21:34:49	27
21:34:50	17
21:34:51	18
21:34:52	9
21:34:53	18
21:34:54	18
21:34:55	7
21:34:56	18
21:34:57	15
21:34:58	16
21:34:59	15
21:35:00	15
21:35:01	22
21:35:02	14
21:35:03	16
21:35:04	20
21:35:05	16
21:35:06	26
21:35:07	9
21:35:08	35
21:35:09	17
21:35:10	13
21:35:11	10
21:35:12	2
21:35:13	9
21:35:14	23
21:35:15	5
21:35:16	29
21:35:17	15
21:35:18	19
21:35:19	9
21:35:20	27
21:35:21	20
21:35:22	9
21:35:23	31
21:35:24	13
21:35:25	27
21:35:26	24
21:35:27	26
21:35:28	10
21:35:29	13
21:35:30	24
21:35:31	18
21:35:32	20
21:35:33	25
21:35:34	10
21:35:35	34
21:35:36	17
21:35:37	16
21:35:38	7
21:35:39	16
21:35:40	16
21:35:41	20
21:35:42	16
21:35:43	16
21:35:44	30
21:35:45	16
21:35:46	22
21:35:47	27
21:35:48	18
21:35:49	18
21:35:50	21
21:35:51	13
21:35:52	15
21:35:53	25
21:35:54	19
21:35:55	46
21:35:56	27
21:35:57	14
21:35:58	10
21:35:59	4
21:36:00	16
21:36:01	28
21:36:02	24
21:36:03	19
21:36:04	17
21:36:05	17
21:36:06	23
21:36:07	20
21:36:08	15
21:36:09	4
21:36:10	15
21:36:11	20
21:36:12	15
21:36:13	12
21:36:14	22
21:36:15	16
21:36:16	14
21:36:17	23
21:36:18	16
21:36:19	9
21:36:20	16
21:36:21	12
21:36:22	16
21:36:23	15
21:36:24	16
21:36:25	14
21:36:26	26
21:36:27	17
21:36:28	5
21:36:29	13
21:36:30	17
21:36:31	13
21:36:32	23
21:36:33	31
21:36:34	18
21:36:35	11
21:36:36	25
21:36:37	20
21:36:38	20
21:36:39	20
21:36:40	23
21:36:41	18
21:36:42	15
21:36:43	22
21:36:44	25
21:36:45	18
21:36:46	19
21:36:47	29
21:36:48	25
21:36:49	17
21:36:50	9
21:36:51	24
21:36:52	22
21:36:53	24
21:36:54	6
21:36:55	13
21:36:56	11
21:36:57	21
21:36:58	9
21:36:59	13
21:37:00	23
21:37:01	6
21:37:02	20
21:37:03	19
21:37:04	8
21:37:05	23
21:37:06	6
21:37:07	18
21:37:08	12
21:37:09	12
21:37:10	20
21:37:11	10
21:37:12	12
21:37:13	18
21:37:14	12
21:37:15	9
21:37:16	13
21:37:17	16
21:37:18	4
21:37:19	0
21:37:20	13
21:37:21	18
21:37:22	10
21:37:23	18
21:37:24	6
21:37:25	27
21:37:26	17
21:37:27	19
21:37:28	28
21:37:29	25
21:37:30	15
21:37:31	24
21:37:32	16
21:37:33	18
21:37:34	13
21:37:35	16
21:37:36	26
21:37:37	22
21:37:38	15
21:37:39	21
21:37:40	26
21:37:41	13
21:37:42	23
21:37:43	23
21:37:44	18
21:37:45	14
21:37:46	27
21:37:47	18
21:37:48	23
21:37:49	9
21:37:50	22
21:37:51	26
21:37:52	21
21:37:53	13
21:37:54	28
21:37:55	23
21:37:56	17
21:37:57	24
21:37:58	20
21:37:59	14
21:38:00	13
21:38:01	26
21:38:02	25
21:38:03	20
21:38:04	12
21:38:05	26
21:38:06	21
21:38:07	17
21:38:08	17
21:38:09	21
21:38:10	21
21:38:11	17
21:38:12	15
21:38:13	35
21:38:14	19
21:38:15	11
21:38:16	23
21:38:17	24
21:38:18	18
21:38:19	19
21:38:20	15
21:38:21	23
21:38:22	33
21:38:23	18
21:38:24	12
21:38:25	24
21:38:26	17
21:38:27	15
21:38:28	10
21:38:29	26
21:38:30	25
21:38:31	17
21:38:32	29
21:38:33	19
21:38:34	23
21:38:35	15
21:38:36	16
21:38:37	20
21:38:38	18
21:38:39	20
21:38:40	26
21:38:41	18
21:38:42	18
21:38:43	26
21:38:44	22
21:38:45	17
21:38:46	18
21:38:47	26
21:38:48	17
21:38:49	26
21:38:50	22
21:38:51	15
21:38:52	19
21:38:53	19
21:38:54	22
21:38:55	13
21:38:56	19
21:38:57	22
21:38:58	20
21:38:59	17
21:39:00	17
21:39:01	19
21:39:02	23
21:39:03	23
21:39:04	15
21:39:05	26
21:39:06	14
21:39:07	23
21:39:08	22
21:39:09	15
21:39:10	28
21:39:11	15
21:39:12	19
21:39:13	27
21:39:14	15
21:39:15	23
21:39:16	12
21:39:17	16
21:39:18	8
21:39:19	22
21:39:20	10
21:39:21	19
21:39:22	20
21:39:23	13
21:39:24	13
21:39:25	9
21:39:26	13
21:39:27	23
21:39:28	14
21:39:29	31
21:39:30	17
21:39:31	14
21:39:32	15
21:39:33	26
21:39:34	16
21:39:35	28
21:39:36	20
21:39:37	20
21:39:38	21
21:39:39	19
21:39:40	12
21:39:41	30
21:39:42	22
21:39:43	16
21:39:44	28
21:39:45	24
21:39:46	12
21:39:47	16
21:39:48	26
21:39:49	16
21:39:50	13
21:39:51	14
21:39:52	17
21:39:53	15
21:39:54	19
21:39:55	18
21:39:56	15
21:39:57	12
21:39:58	20
21:39:59	7
21:40:00	6
21:40:01	4
21:40:02	3
21:40:03	3
21:40:04	34
21:40:05	0
21:40:06	2
21:40:07	20
21:40:08	10
21:40:09	6
21:40:10	26
21:40:11	13
21:40:12	9
21:40:13	15
21:40:14	23
21:40:15	22
21:40:16	29
21:40:17	20
21:40:18	20
21:40:19	20
21:40:20	13
21:40:21	25
21:40:22	17
21:40:23	23
21:40:24	19
21:40:25	23
21:40:26	18
21:40:27	20
21:40:28	22
21:40:29	10
21:40:30	34
21:40:31	12
21:40:32	9
21:40:33	9
21:40:34	19
21:40:35	19
21:40:36	12
21:40:37	10
21:40:38	23
21:40:39	17
21:40:40	21
21:40:41	19
21:40:42	26
21:40:43	21
21:40:44	23
21:40:45	20
21:40:46	16
21:40:47	17
21:40:48	26
21:40:49	25
21:40:50	15
21:40:51	14
21:40:52	35
21:40:53	21
21:40:54	9
21:40:55	24
21:40:56	18
21:40:57	17
21:40:58	15
21:40:59	18
21:41:00	29
21:41:01	16
21:41:02	11
21:41:03	10
21:41:04	23
21:41:05	23
21:41:06	18
21:41:07	12
21:41:08	11
21:41:09	26
21:41:10	11
21:41:11	15
21:41:12	20
21:41:13	8
21:41:14	15
21:41:15	20
21:41:16	12
21:41:17	2
21:41:18	0
21:41:19	2
21:41:20	0
21:41:21	0
21:41:22	2
21:41:23	0
21:41:24	0
21:41:25	0
21:41:26	0
21:41:27	0
21:41:28	0
21:41:29	0
21:41:30	0
21:41:31	0
21:41:32	0
21:41:33	0
21:41:34	0
21:41:35	0
21:41:36	0
21:41:37	0
21:41:38	0
21:41:39	0
21:41:40	0
21:41:41	0
21:41:42	2
21:41:43	3
21:41:44	4
21:41:45	4
21:41:46	3
21:41:47	7
21:41:48	14
21:41:49	0
21:41:50	26
21:41:51	7
21:41:52	9
21:41:53	27
21:41:54	7
21:41:55	1
21:41:56	1
21:41:57	1
21:41:58	13
21:41:59	11
21:42:00	47
21:42:01	4
21:42:02	9
21:42:03	9
21:42:04	10
21:42:05	4
21:42:06	4
21:42:07	17
21:42:08	22
21:42:09	15
21:42:10	12
21:42:11	12
21:42:12	21
21:42:13	16
21:42:14	8
21:42:15	2
21:42:16	2
21:42:17	0
21:42:18	0
21:42:19	0
21:42:20	0
21:42:21	0
21:42:22	0
21:42:23	26
21:42:24	0
21:42:25	12
21:42:26	16
21:42:27	16
21:42:28	6
21:42:29	26
21:42:30	6
21:42:31	14
21:42:32	18
21:42:33	10
21:42:34	18
21:42:35	10
21:42:36	17
21:42:37	20
21:42:38	11
21:42:39	16
21:42:40	14
21:42:41	9
21:42:42	7
21:42:43	4
21:42:44	6
21:42:45	0
21:42:46	3
21:42:47	1
21:42:48	1
21:42:49	37
21:42:50	4
21:42:51	4
21:42:52	23
21:42:53	22
21:42:54	15
21:42:55	10
21:42:56	26
21:42:57	24
21:42:58	11
21:42:59	8
21:43:00	22
21:43:01	8
21:43:02	18
21:43:03	16
21:43:04	2
21:43:05	26
21:43:06	4
21:43:07	12
21:43:08	12
21:43:09	14
21:43:10	18
21:43:11	20
21:43:12	12
21:43:13	14
21:43:14	13
21:43:15	19
21:43:16	13
21:43:17	12
21:43:18	24
21:43:19	29
21:43:20	21
21:43:21	10
21:43:22	21
21:43:23	23
21:43:24	17
21:43:25	14
21:43:26	27
21:43:27	31
21:43:28	13
21:43:29	6
21:43:30	13
21:43:31	12
21:43:32	14
21:43:33	20
21:43:34	17
21:43:35	12
21:43:36	14
21:43:37	12
21:43:38	11
21:43:39	10
21:43:40	16
21:43:41	11
21:43:42	12
21:43:43	16
21:43:44	12
21:43:45	6
21:43:46	7
21:43:47	11
21:43:48	5
21:43:49	2
21:43:50	3
21:43:51	4
21:43:52	3
21:43:53	3
21:43:54	4
21:43:55	3
21:43:56	2
21:43:57	3
21:43:58	6
21:43:59	4
21:44:00	2
21:44:01	5
21:44:02	5
21:44:03	1
21:44:04	5
21:44:05	4
21:44:06	10
21:44:07	8
21:44:08	5
21:44:09	9
21:44:10	4
21:44:11	4
21:44:12	4
21:44:13	4
21:44:14	5
21:44:15	2
21:44:16	5
21:44:17	2
21:44:18	0
21:44:19	3
21:44:20	2
21:44:21	3
21:44:22	2
21:44:23	3
21:44:24	1
21:44:25	3
21:44:26	4
21:44:27	3
21:44:28	1
21:44:29	0
21:44:30	18
21:44:31	11
21:44:32	5
21:44:33	6
21:44:34	4
21:44:35	5
21:44:36	4
21:44:37	4
21:44:38	5
21:44:39	4
21:44:40	1
21:44:41	9
21:44:42	9
21:44:43	7
21:44:44	7
21:44:45	8
21:44:46	5
21:44:47	8
21:44:48	3
21:44:49	2
21:44:50	5
21:44:51	26
21:44:52	14
21:44:53	2
21:44:54	0
21:44:55	9
21:44:56	6
21:44:57	11
21:44:58	7
21:44:59	5
21:45:00	5
21:45:01	14
21:45:02	4
21:45:03	8
21:45:04	10
21:45:05	17
21:45:06	15
21:45:07	27
21:45:08	20
21:45:09	2
21:45:10	3
21:45:11	5
21:45:12	5
21:45:13	5
21:45:14	1
21:45:15	11
21:45:16	9
21:45:17	0
21:45:18	0
21:45:19	12
21:45:20	2
21:45:21	6
21:45:22	1
21:45:23	7
21:45:24	2
21:45:25	3
21:45:26	16
21:45:27	7
21:45:28	6
21:45:29	6
21:45:30	10
21:45:31	4
21:45:32	10
21:45:33	4
21:45:34	7
21:45:35	4
21:45:36	11
21:45:37	12
21:45:38	6
21:45:39	8
21:45:40	7
21:45:41	9
21:45:42	5
21:45:43	19
21:45:44	2
21:45:45	7
21:45:46	4
21:45:47	6
21:45:48	8
21:45:49	4
21:45:50	9
21:45:51	5
21:45:52	5
21:45:53	7
21:45:54	11
21:45:55	2
21:45:56	33
21:45:57	2
21:45:58	12
21:45:59	24
21:46:00	5
21:46:01	8
21:46:02	14
21:46:03	19
21:46:04	22
21:46:05	14
21:46:06	19
21:46:07	16
21:46:08	17
21:46:09	29
21:46:10	16
21:46:11	25
21:46:12	9
21:46:13	15
21:46:14	14
21:46:15	34
21:46:16	17
21:46:17	7
21:46:18	12
21:46:19	9
21:46:20	12
21:46:21	11
21:46:22	5
21:46:23	13
21:46:24	4
21:46:25	4
21:46:26	26
21:46:27	11
21:46:28	20
21:46:29	19
21:46:30	19
21:46:31	12
21:46:32	10
21:46:33	19
21:46:34	20
21:46:35	15
21:46:36	17
21:46:37	15
21:46:38	19
21:46:39	16
21:46:40	5
21:46:41	13
21:46:42	3
21:46:43	20
21:46:44	14
21:46:45	31
21:46:46	13
21:46:47	3
21:46:48	12
21:46:49	9
21:46:50	6
21:46:51	9
21:46:52	7
21:46:53	1
21:46:54	6
21:46:55	3
21:46:56	2
21:46:57	10
21:46:58	2
21:46:59	9
21:47:00	30
21:47:01	5
21:47:02	25
21:47:03	21
21:47:04	16
21:47:05	4
21:47:06	12
21:47:07	41
21:47:08	11
21:47:09	12
21:47:10	33
21:47:11	18
21:47:12	12
21:47:13	9
21:47:14	26
21:47:15	23
21:47:16	11
21:47:17	7
21:47:18	10
21:47:19	16
21:47:20	18
21:47:21	14
21:47:22	18
21:47:23	13
21:47:24	16
21:47:25	17
21:47:26	13
21:47:27	5
21:47:28	16
21:47:29	9
21:47:30	9
21:47:31	7
21:47:32	6
21:47:33	7
21:47:34	11
21:47:35	15
21:47:36	2
21:47:37	14
21:47:38	6
21:47:39	12
21:47:40	8
21:47:41	19
21:47:42	7
21:47:43	13
21:47:44	19
21:47:45	10
21:47:46	14
21:47:47	5
21:47:48	9
21:47:49	7
21:47:50	17
21:47:51	16
21:47:52	5
21:47:53	9
21:47:54	5
21:47:55	30
21:47:56	9
21:47:57	5
21:47:58	16
21:47:59	10
21:48:00	10
21:48:01	7
21:48:02	10
21:48:03	4
21:48:04	0
21:48:05	0
21:48:06	8
21:48:07	2
21:48:08	24
21:48:09	11
21:48:10	31
21:48:11	2
21:48:12	1
21:48:13	8
21:48:14	29
21:48:15	2
21:48:16	23
21:48:17	4
21:48:18	2
21:48:19	2
21:48:20	28
21:48:21	9
21:48:22	16
21:48:23	27
21:48:24	8
21:48:25	11
21:48:26	27
21:48:27	9
21:48:28	8
21:48:29	27
21:48:30	3
21:48:31	1
21:48:32	26
21:48:33	3
21:48:34	27
21:48:35	10
21:48:36	4
21:48:37	3
21:48:38	8
21:48:39	10
21:48:40	10
21:48:41	11
21:48:42	5
21:48:43	8
21:48:44	6
21:48:45	6
21:48:46	6
21:48:47	6
21:48:48	1
21:48:49	1
21:48:50	1
21:48:51	18
21:48:52	8
21:48:53	16
21:48:54	16
21:48:55	10
21:48:56	12
21:48:57	13
21:48:58	11
21:48:59	11
21:49:00	15
21:49:01	15
21:49:02	12
21:49:03	4
21:49:04	5
21:49:05	2
21:49:06	8
21:49:07	2
21:49:08	1
21:49:09	1
21:49:10	1
21:49:11	2
21:49:12	1
21:49:13	1
21:49:14	1
21:49:15	2
21:49:16	1
21:49:17	1
21:49:18	1
21:49:19	1
21:49:20	0
21:49:21	0
21:49:22	0
21:49:23	0
21:49:24	0
21:49:25	0
21:49:26	0
21:49:27	0
21:49:28	0
21:49:29	0
21:49:30	0
21:49:31	0
21:49:32	0
21:49:33	0
21:49:34	0
21:49:35	0
21:49:36	0
21:49:37	0
21:49:38	0
21:49:39	0
21:49:40	0
21:49:41	0
21:49:42	0
21:49:43	0
21:49:44	0
21:49:45	0
21:49:46	0
21:49:47	0
21:49:48	0
21:49:49	0
21:49:50	6
21:49:51	2
21:49:52	0
21:49:53	0
21:49:54	2
21:49:55	0
21:49:56	2
21:49:57	0
21:49:58	6
21:49:59	0
21:50:00	12
21:50:01	0
21:50:02	3
21:50:03	1
21:50:04	3
21:50:05	3
21:50:06	7
21:50:07	1
21:50:08	10
21:50:09	5
21:50:10	4
21:50:11	9
21:50:12	1
21:50:13	0
21:50:14	4
21:50:15	0
21:50:16	0
21:50:17	0
21:50:18	0
21:50:19	0
21:50:20	0
21:50:21	0
21:50:22	0
21:50:23	0
21:50:24	0
21:50:25	0
21:50:26	0
21:50:27	0
21:50:28	0
21:50:29	0
21:50:30	0
21:50:31	0
21:50:32	0
21:50:33	0
21:50:34	0
21:50:35	0
21:50:36	0
21:50:37	0
21:50:38	0
21:50:39	0
21:50:40	0
21:50:41	0
21:50:42	0
21:50:43	0
21:50:44	0
21:50:45	0
21:50:46	1
21:50:47	1
21:50:48	2
21:50:49	1
21:50:50	0
21:50:51	0
21:50:52	0
21:50:53	0
21:50:54	0
21:50:55	0
21:50:56	0
21:50:57	0
21:50:58	0
21:50:59	0
21:51:00	0
21:51:01	0
21:51:02	0
21:51:03	0
21:51:04	0
21:51:05	0
21:51:06	0
21:51:07	0
21:51:08	0
21:51:09	0
21:51:10	0
21:51:11	0
21:51:12	0
21:51:13	0
21:51:14	0
21:51:15	0
21:51:16	0
21:51:17	0
21:51:18	0
21:51:19	0
21:51:20	0
21:51:21	0
21:51:22	0
21:51:23	0
21:51:24	0
21:51:25	0
21:51:26	0
21:51:27	0
21:51:28	0
21:51:29	0
21:51:30	0
21:51:31	0
21:51:32	0
21:51:33	0
21:51:34	0
21:51:35	0
21:51:36	0
21:51:37	0
21:51:38	0
21:51:39	0
21:51:40	0
21:51:41	0
21:51:42	0
21:51:43	0
21:51:44	0
21:51:45	0
21:51:46	0
21:51:47	0
21:51:48	0
21:51:49	0
21:51:50	0
21:51:51	0
21:51:52	0
21:51:53	0
21:51:54	0
21:51:55	0
21:51:56	0
21:51:57	0
21:51:58	0
21:51:59	0
21:52:00	0
21:52:01	0
21:52:02	0
21:52:03	0
21:52:04	0
21:52:05	0
21:52:06	0
21:52:07	0
21:52:08	0
21:52:09	0
21:52:10	0
21:52:11	0
21:52:12	0
21:52:13	0
21:52:14	0
21:52:15	0
21:52:16	0
21:52:17	0
21:52:18	0
21:52:19	0
21:52:20	0
21:52:21	0
21:52:22	0
21:52:23	0
21:52:24	0
21:52:25	0
21:52:26	0
21:52:27	0
21:52:28	0
21:52:29	0
21:52:30	0
21:52:31	0
21:52:32	0
21:52:33	0
21:52:34	0
21:52:35	0
21:52:36	0
21:52:37	0
21:52:38	0
21:52:39	0
21:52:40	0
21:52:41	0
21:52:42	0
21:52:43	0
21:52:44	0
21:52:45	0
21:52:46	0
21:52:47	0
21:52:48	0
21:52:49	0
21:52:50	0
21:52:51	0
21:52:52	0
21:52:53	0
21:52:54	0
21:52:55	0
21:52:56	0
21:52:57	0
21:52:58	0
21:52:59	0
21:53:00	0
21:53:01	0
21:53:02	0
21:53:03	0
21:53:04	0
21:53:05	0
21:53:06	0
21:53:07	0
21:53:08	0
21:53:09	0
21:53:10	0
21:53:11	0
21:53:12	0
21:53:13	0
21:53:14	0
21:53:15	0
21:53:16	0
21:53:17	0
21:53:18	0
21:53:19	0
21:53:20	0
21:53:21	0
21:53:22	0
21:53:23	0
21:53:24	0
21:53:25	0
21:53:26	0
21:53:27	0
21:53:28	0
21:53:29	0
21:53:30	0
21:53:31	0
21:53:32	0
21:53:33	0
21:53:34	0
21:53:35	0
21:53:36	0
21:53:37	0
21:53:38	0
21:53:39	0
21:53:40	0
21:53:41	0
21:53:42	0
21:53:43	0
21:53:44	0
21:53:45	0
21:53:46	0
21:53:47	0
21:53:48	0
21:53:49	0
21:53:50	0
21:53:51	0
21:53:52	0
21:53:53	0
21:53:54	0
21:53:55	0
21:53:56	0
21:53:57	0
21:53:58	0
21:53:59	0
21:54:00	0
21:54:01	0
21:54:02	0
21:54:03	0
21:54:04	0
21:54:05	0
21:54:06	0
21:54:07	0
21:54:08	0
21:54:09	0
21:54:10	0
21:54:11	0
21:54:12	0
21:54:13	0
21:54:14	0
21:54:15	0
21:54:16	0
21:54:17	0
21:54:18	0
21:54:19	0
21:54:20	0
21:54:21	0
21:54:22	0
21:54:23	0
21:54:24	0
21:54:25	0
21:54:26	0
21:54:27	0
21:54:28	0
21:54:29	0
21:54:30	0
21:54:31	0
21:54:32	0
21:54:33	0
21:54:34	0
21:54:35	0
21:54:36	0
21:54:37	0
21:54:38	0
21:54:39	0
21:54:40	0
21:54:41	0
21:54:42	0
21:54:43	0
21:54:44	0
21:54:45	0
21:54:46	0
21:54:47	0
21:54:48	0
21:54:49	0
21:54:50	0
21:54:51	0
21:54:52	0
21:54:53	0
21:54:54	0
21:54:55	0
21:54:56	0
21:54:57	0
21:54:58	0
21:54:59	0
21:55:00	0
21:55:01	0
21:55:02	0
21:55:03	0
21:55:04	0
21:55:05	0
21:55:06	0
21:55:07	0
21:55:08	0
21:55:09	0
21:55:10	0
21:55:11	0
21:55:12	0
21:55:13	0
21:55:14	0
21:55:15	0
21:55:16	0
21:55:17	0
21:55:18	0
21:55:19	0
21:55:20	0
21:55:21	0
21:55:22	0
21:55:23	0
21:55:24	0
21:55:25	0
21:55:26	0
21:55:27	0
21:55:28	0
21:55:29	0
21:55:30	0
21:55:31	0
21:55:32	0
21:55:33	0
21:55:34	0
21:55:35	0
21:55:36	0
21:55:37	0
21:55:38	0
21:55:39	0
21:55:40	0
21:55:41	0
21:55:42	0
21:55:43	0
21:55:44	0
21:55:45	0
21:55:46	0
21:55:47	0
21:55:48	0
21:55:49	0
21:55:50	0
21:55:51	0
21:55:52	0
21:55:53	0
21:55:54	0
21:55:55	0
21:55:56	0
21:55:57	0
21:55:58	0
21:55:59	0
21:56:00	0
21:56:01	0
21:56:02	0
21:56:03	0
21:56:04	0
21:56:05	0
21:56:06	0
21:56:07	0
21:56:08	0
21:56:09	0
21:56:10	0
21:56:11	0
21:56:12	0
21:56:13	0
21:56:14	0
21:56:15	0
21:56:16	0
21:56:17	0
21:56:18	0
21:56:19	0
21:56:20	0
21:56:21	0
21:56:22	0
21:56:23	0
21:56:24	0
21:56:25	0
21:56:26	0
21:56:27	0
21:56:28	0
21:56:29	0
21:56:30	0
21:56:31	0
21:56:32	0
21:56:33	0
21:56:34	0
21:56:35	0
21:56:36	0
21:56:37	0
21:56:38	0
21:56:39	0
21:56:40	0
21:56:41	0
21:56:42	0
21:56:43	0
21:56:44	0
21:56:45	0
21:56:46	0
21:56:47	0
21:56:48	0
21:56:49	0
21:56:50	0
21:56:51	0
21:56:52	1
21:56:53	1
21:56:54	0
21:56:55	2
