minute	total	per_s	get_lookup	get_download	put_lookup	put_upload_small	put_upload_init	put_upload_chunk	del_lookup	del_remove	S3_GET	S3_PUT	S3_DELETE
21:21	86	1.43	36	36	6	4	2	2	0	0	36	6	0
21:22	234	3.90	94	98	11	2	9	9	7	4	98	11	10
21:23	164	2.73	35	37	2	2	0	0	16	72	37	2	66
21:24	47	0.78	22	25	0	0	0	0	0	0	25	0	0
21:25	24	0.40	12	12	0	0	0	0	0	0	12	0	0
21:26	35	0.58	17	18	0	0	0	0	0	0	18	0	0
21:27	181	3.02	66	67	16	0	16	16	0	0	69	16	0
21:28	171	2.85	64	89	0	0	0	0	0	18	87	0	18
21:29	276	4.60	71	83	44	22	22	22	0	12	83	44	12
21:30	73	1.22	7	8	20	20	0	0	0	18	8	20	18
21:31	75	1.25	9	10	28	28	0	0	0	0	10	28	0
21:32	505	8.42	37	42	162	158	4	4	0	98	42	162	98
21:33	974	16.23	69	75	299	276	22	22	100	111	81	299	211
21:34	1035	17.25	95	142	278	239	39	39	0	203	136	278	203
21:35	1104	18.40	68	93	246	189	57	57	35	359	93	246	394
21:36	1056	17.60	47	68	327	312	16	16	101	169	69	327	270
21:37	1030	17.17	28	34	327	303	20	20	54	244	33	327	298
21:38	1197	19.95	40	52	264	216	51	51	265	258	52	264	523
21:39	1095	18.25	20	24	305	256	47	47	81	315	24	305	396
21:40	1039	17.32	39	48	300	269	34	34	3	312	49	300	315
21:41	426	7.10	30	43	132	105	27	27	0	62	42	132	62
21:42	685	11.42	37	70	257	244	13	13	0	51	70	257	51
21:43	759	12.65	32	52	186	165	21	21	1	281	52	186	282
21:44	319	5.32	66	111	32	0	32	32	0	46	111	32	46
21:45	486	8.10	122	172	48	5	43	43	0	53	174	48	53
21:46	786	13.10	161	277	48	1	47	47	0	205	276	48	205
21:47	803	13.38	195	308	61	3	58	58	0	120	311	61	120
21:48	621	10.35	30	49	109	29	80	80	0	244	45	109	244
21:49	95	1.58	12	14	6	6	0	0	0	57	14	6	57
21:50	68	1.13	22	46	0	0	0	0	0	0	46	0	0
21:56	4	0.07	2	2	0	0	0	0	0	0	2	0	0
