minute,op,lineage,status,count
2026/10/02 14:59,DELETE,unclassified,success,158
2026/10/02 14:59,GET,unclassified,success,42
2026/10/02 14:59,PUT,compaction_output,success,18
2026/10/02 14:59,PUT,normal_metadata_write,success,7
2026/10/02 15:00,DELETE,unclassified,success,421
2026/10/02 15:00,GET,unclassified,success,13
2026/10/02 15:00,PUT,compaction_output,success,48
2026/10/02 15:00,PUT,normal_metadata_write,success,222
2026/10/02 15:01,DELETE,unclassified,success,423
2026/10/02 15:01,GET,unclassified,success,102
2026/10/02 15:01,PUT,compaction_output,success,74
2026/10/02 15:01,PUT,normal_metadata_write,success,156
2026/10/02 15:02,DELETE,unclassified,success,447
2026/10/02 15:02,GET,unclassified,success,93
2026/10/02 15:02,PUT,compaction_output,success,89
2026/10/02 15:02,PUT,normal_metadata_write,success,89
2026/10/02 15:03,DELETE,unclassified,success,393
2026/10/02 15:03,GET,unclassified,success,270
2026/10/02 15:03,PUT,compaction_output,success,68
2026/10/02 15:03,PUT,normal_metadata_write,failure,9
2026/10/02 15:03,PUT,normal_metadata_write,success,48
2026/10/02 15:04,DELETE,normal_metadata_write,success,11
2026/10/02 15:04,DELETE,unclassified,success,321
2026/10/02 15:04,GET,unclassified,success,132
2026/10/02 15:04,PUT,compaction_output,success,103
2026/10/02 15:04,PUT,normal_metadata_write,success,91
2026/10/02 15:05,DELETE,normal_metadata_write,success,49
2026/10/02 15:05,DELETE,unclassified,success,182
2026/10/02 15:05,GET,unclassified,success,92
2026/10/02 15:05,PUT,compaction_output,success,93
2026/10/02 15:05,PUT,normal_metadata_write,success,125
2026/10/02 15:06,DELETE,compaction_output,success,2
2026/10/02 15:06,DELETE,normal_metadata_write,success,21
2026/10/02 15:06,DELETE,unclassified,success,158
2026/10/02 15:06,GET,unclassified,success,111
2026/10/02 15:06,PUT,compaction_output,success,53
2026/10/02 15:06,PUT,normal_metadata_write,success,300
2026/10/02 15:07,DELETE,normal_metadata_write,success,55
2026/10/02 15:07,GET,unclassified,success,73
2026/10/02 15:07,PUT,compaction_output,success,213
2026/10/02 15:07,PUT,normal_metadata_write,success,214
2026/10/02 15:08,DELETE,normal_metadata_write,success,81
2026/10/02 15:08,GET,unclassified,success,123
2026/10/02 15:08,PUT,compaction_output,success,155
2026/10/02 15:08,PUT,normal_metadata_write,success,111
2026/10/02 15:09,DELETE,normal_metadata_write,success,323
2026/10/02 15:09,GET,unclassified,success,65
2026/10/02 15:09,PUT,compaction_output,success,180
2026/10/02 15:09,PUT,normal_metadata_write,failure,1
2026/10/02 15:09,PUT,normal_metadata_write,success,58
2026/10/02 15:10,DELETE,normal_metadata_write,success,60
2026/10/02 15:10,GET,unclassified,success,60
2026/10/02 15:10,PUT,compaction_output,failure,2
2026/10/02 15:10,PUT,compaction_output,success,107
2026/10/02 15:10,PUT,normal_metadata_write,failure,2
2026/10/02 15:10,PUT,normal_metadata_write,success,60
2026/10/02 15:11,DELETE,normal_metadata_write,success,49
2026/10/02 15:11,GET,unclassified,success,84
2026/10/02 15:11,PUT,compaction_output,success,54
2026/10/02 15:11,PUT,normal_metadata_write,success,89
2026/10/02 15:12,DELETE,normal_metadata_write,success,174
2026/10/02 15:12,DELETE,unclassified,success,111
2026/10/02 15:12,GET,unclassified,success,103
2026/10/02 15:12,PUT,compaction_output,success,36
2026/10/02 15:12,PUT,normal_metadata_write,failure,4
2026/10/02 15:12,PUT,normal_metadata_write,success,64
2026/10/02 15:13,DELETE,normal_metadata_write,success,37
2026/10/02 15:13,GET,unclassified,success,80
2026/10/02 15:13,PUT,compaction_output,success,166
2026/10/02 15:13,PUT,normal_metadata_write,failure,7
2026/10/02 15:13,PUT,normal_metadata_write,success,109
2026/10/02 15:14,DELETE,compaction_output,success,2
2026/10/02 15:14,DELETE,normal_metadata_write,success,22
2026/10/02 15:14,DELETE,unclassified,success,151
2026/10/02 15:14,GET,unclassified,success,75
2026/10/02 15:14,PUT,compaction_output,success,24
2026/10/02 15:14,PUT,normal_metadata_write,failure,9
2026/10/02 15:14,PUT,normal_metadata_write,success,292
2026/10/02 15:15,DELETE,compaction_output,success,6
2026/10/02 15:15,DELETE,normal_metadata_write,success,12
2026/10/02 15:15,DELETE,unclassified,success,121
2026/10/02 15:15,GET,unclassified,success,33
2026/10/02 15:15,PUT,compaction_output,success,118
2026/10/02 15:15,PUT,normal_metadata_write,success,283
2026/10/02 15:16,DELETE,compaction_output,success,6
2026/10/02 15:16,DELETE,normal_metadata_write,success,34
2026/10/02 15:16,GET,unclassified,success,39
2026/10/02 15:16,PUT,compaction_output,success,17
2026/10/02 15:16,PUT,normal_metadata_write,success,513
2026/10/02 15:17,DELETE,compaction_output,success,6
2026/10/02 15:17,DELETE,normal_metadata_write,success,45
2026/10/02 15:17,GET,unclassified,success,36
2026/10/02 15:17,PUT,compaction_output,success,103
2026/10/02 15:17,PUT,normal_metadata_write,success,347
2026/10/02 15:18,DELETE,normal_metadata_write,success,48
2026/10/02 15:18,GET,unclassified,success,40
2026/10/02 15:18,PUT,compaction_output,success,67
2026/10/02 15:18,PUT,normal_metadata_write,success,437
2026/10/02 15:19,DELETE,normal_metadata_write,success,45
2026/10/02 15:19,DELETE,unclassified,success,61
2026/10/02 15:19,GET,unclassified,success,35
2026/10/02 15:19,PUT,compaction_output,success,22
2026/10/02 15:19,PUT,normal_metadata_write,success,448
2026/10/02 15:20,DELETE,normal_metadata_write,success,45
2026/10/02 15:20,DELETE,unclassified,success,239
2026/10/02 15:20,GET,unclassified,success,31
2026/10/02 15:20,PUT,compaction_output,success,64
2026/10/02 15:20,PUT,normal_metadata_write,success,316
2026/10/02 15:21,DELETE,compaction_output,success,4
2026/10/02 15:21,DELETE,normal_metadata_write,success,267
2026/10/02 15:21,DELETE,unclassified,success,75
2026/10/02 15:21,GET,unclassified,success,41
2026/10/02 15:21,PUT,compaction_output,success,32
2026/10/02 15:21,PUT,normal_metadata_write,failure,12
2026/10/02 15:21,PUT,normal_metadata_write,success,284
2026/10/02 15:22,DELETE,normal_metadata_write,success,96
2026/10/02 15:22,DELETE,unclassified,success,233
2026/10/02 15:22,GET,unclassified,success,39
2026/10/02 15:22,PUT,compaction_output,success,26
2026/10/02 15:22,PUT,normal_metadata_write,failure,1
2026/10/02 15:22,PUT,normal_metadata_write,success,336
2026/10/02 15:23,DELETE,compaction_output,success,4
2026/10/02 15:23,DELETE,normal_metadata_write,success,39
2026/10/02 15:23,DELETE,unclassified,success,160
2026/10/02 15:23,GET,unclassified,success,42
2026/10/02 15:23,PUT,compaction_output,success,83
2026/10/02 15:23,PUT,normal_metadata_write,failure,9
2026/10/02 15:23,PUT,normal_metadata_write,success,280
2026/10/02 15:24,DELETE,normal_metadata_write,success,30
2026/10/02 15:24,GET,unclassified,success,43
2026/10/02 15:24,PUT,compaction_output,success,33
2026/10/02 15:24,PUT,normal_metadata_write,failure,1
2026/10/02 15:24,PUT,normal_metadata_write,success,448
2026/10/02 15:25,DELETE,normal_metadata_write,success,31
2026/10/02 15:25,GET,unclassified,success,20
2026/10/02 15:25,PUT,compaction_output,success,69
2026/10/02 15:25,PUT,normal_metadata_write,success,451
2026/10/02 15:26,DELETE,normal_metadata_write,success,40
2026/10/02 15:26,GET,unclassified,success,42
2026/10/02 15:26,PUT,compaction_output,success,34
2026/10/02 15:26,PUT,normal_metadata_write,success,486
2026/10/02 15:27,DELETE,normal_metadata_write,success,40
2026/10/02 15:27,GET,unclassified,success,31
2026/10/02 15:27,PUT,compaction_output,success,33
2026/10/02 15:27,PUT,normal_metadata_write,success,430
2026/10/02 15:28,DELETE,compaction_output,success,31
2026/10/02 15:28,DELETE,normal_metadata_write,success,135
2026/10/02 15:28,GET,unclassified,success,33
2026/10/02 15:28,PUT,compaction_output,success,54
2026/10/02 15:28,PUT,normal_metadata_write,success,385
2026/10/02 15:29,DELETE,compaction_output,success,1
2026/10/02 15:29,DELETE,normal_metadata_write,success,99
2026/10/02 15:29,GET,unclassified,success,41
2026/10/02 15:29,PUT,normal_metadata_write,success,475
2026/10/02 15:30,DELETE,compaction_output,success,16
2026/10/02 15:30,DELETE,normal_metadata_write,success,128
2026/10/02 15:30,DELETE,unclassified,success,16
2026/10/02 15:30,GET,unclassified,success,36
2026/10/02 15:30,PUT,compaction_output,success,81
2026/10/02 15:30,PUT,normal_metadata_write,success,326
2026/10/02 15:31,DELETE,compaction_output,success,19
2026/10/02 15:31,DELETE,normal_metadata_write,success,86
2026/10/02 15:31,DELETE,unclassified,success,23
2026/10/02 15:31,GET,unclassified,success,36
2026/10/02 15:31,PUT,compaction_output,success,77
2026/10/02 15:31,PUT,normal_metadata_write,success,358
2026/10/02 15:32,DELETE,compaction_output,success,21
2026/10/02 15:32,DELETE,normal_metadata_write,success,292
2026/10/02 15:32,GET,unclassified,success,40
2026/10/02 15:32,PUT,compaction_output,success,44
2026/10/02 15:32,PUT,normal_metadata_write,success,383
2026/10/02 15:33,DELETE,compaction_output,success,21
2026/10/02 15:33,DELETE,normal_metadata_write,success,102
2026/10/02 15:33,DELETE,unclassified,success,16
2026/10/02 15:33,GET,unclassified,success,37
2026/10/02 15:33,PUT,compaction_output,success,39
2026/10/02 15:33,PUT,normal_metadata_write,success,390
2026/10/02 15:34,DELETE,compaction_output,success,21
2026/10/02 15:34,DELETE,normal_metadata_write,success,71
2026/10/02 15:34,DELETE,unclassified,success,274
2026/10/02 15:34,GET,unclassified,success,34
2026/10/02 15:34,PUT,compaction_output,success,31
2026/10/02 15:34,PUT,normal_metadata_write,success,317
2026/10/02 15:35,DELETE,compaction_output,success,2
2026/10/02 15:35,DELETE,unclassified,success,385
2026/10/02 15:35,GET,unclassified,success,38
2026/10/02 15:35,PUT,compaction_output,failure,1
2026/10/02 15:35,PUT,compaction_output,success,24
2026/10/02 15:35,PUT,normal_metadata_write,failure,5
2026/10/02 15:35,PUT,normal_metadata_write,success,302
2026/10/02 15:36,DELETE,normal_metadata_write,success,159
2026/10/02 15:36,DELETE,unclassified,success,171
2026/10/02 15:36,GET,unclassified,success,21
2026/10/02 15:36,PUT,compaction_output,success,33
2026/10/02 15:36,PUT,normal_metadata_write,success,234
2026/10/02 15:37,DELETE,normal_metadata_write,success,235
2026/10/02 15:37,DELETE,unclassified,success,198
2026/10/02 15:37,GET,unclassified,success,28
2026/10/02 15:37,PUT,compaction_output,failure,1
2026/10/02 15:37,PUT,compaction_output,success,73
2026/10/02 15:37,PUT,normal_metadata_write,failure,1
2026/10/02 15:37,PUT,normal_metadata_write,success,205
2026/10/02 15:38,DELETE,normal_metadata_write,success,513
2026/10/02 15:38,DELETE,unclassified,success,37
2026/10/02 15:38,GET,unclassified,success,42
2026/10/02 15:38,PUT,compaction_output,success,73
2026/10/02 15:38,PUT,normal_metadata_write,failure,9
2026/10/02 15:38,PUT,normal_metadata_write,success,208
2026/10/02 15:39,DELETE,compaction_output,success,5
2026/10/02 15:39,DELETE,normal_metadata_write,success,224
2026/10/02 15:39,DELETE,unclassified,success,72
2026/10/02 15:39,GET,unclassified,success,44
2026/10/02 15:39,PUT,compaction_output,success,23
2026/10/02 15:39,PUT,normal_metadata_write,success,271
2026/10/02 15:40,DELETE,normal_metadata_write,success,275
2026/10/02 15:40,DELETE,unclassified,success,97
2026/10/02 15:40,GET,unclassified,success,39
2026/10/02 15:40,PUT,compaction_output,success,48
2026/10/02 15:40,PUT,normal_metadata_write,failure,1
2026/10/02 15:40,PUT,normal_metadata_write,success,227
2026/10/02 15:41,DELETE,normal_metadata_write,success,380
2026/10/02 15:41,GET,unclassified,success,40
2026/10/02 15:41,PUT,compaction_output,failure,1
2026/10/02 15:41,PUT,compaction_output,success,48
2026/10/02 15:41,PUT,normal_metadata_write,failure,4
2026/10/02 15:41,PUT,normal_metadata_write,success,243
2026/10/02 15:42,DELETE,compaction_output,success,23
2026/10/02 15:42,DELETE,normal_metadata_write,success,222
2026/10/02 15:42,DELETE,unclassified,success,46
2026/10/02 15:42,GET,unclassified,success,16
2026/10/02 15:42,PUT,compaction_output,success,88
2026/10/02 15:42,PUT,normal_metadata_write,success,241
2026/10/02 15:43,DELETE,compaction_output,success,9
2026/10/02 15:43,DELETE,normal_metadata_write,success,415
2026/10/02 15:43,DELETE,unclassified,success,9
2026/10/02 15:43,GET,unclassified,success,2
2026/10/02 15:43,PUT,compaction_output,success,123
2026/10/02 15:43,PUT,normal_metadata_write,success,141
2026/10/02 15:44,DELETE,compaction_output,success,41
2026/10/02 15:44,DELETE,normal_metadata_write,success,353
2026/10/02 15:44,DELETE,unclassified,success,1
2026/10/02 15:44,PUT,compaction_output,success,27
2026/10/02 15:44,PUT,normal_metadata_write,success,264
2026/10/02 15:45,DELETE,compaction_output,success,10
2026/10/02 15:45,DELETE,normal_metadata_write,success,378
2026/10/02 15:45,DELETE,unclassified,success,16
2026/10/02 15:45,PUT,compaction_output,success,76
2026/10/02 15:45,PUT,normal_metadata_write,success,222
2026/10/02 15:46,DELETE,compaction_output,success,18
2026/10/02 15:46,DELETE,normal_metadata_write,success,451
2026/10/02 15:46,DELETE,unclassified,success,55
2026/10/02 15:46,PUT,compaction_output,success,40
2026/10/02 15:46,PUT,normal_metadata_write,failure,9
2026/10/02 15:46,PUT,normal_metadata_write,success,204
2026/10/02 15:47,DELETE,compaction_output,success,18
2026/10/02 15:47,DELETE,normal_metadata_write,success,330
2026/10/02 15:47,DELETE,unclassified,success,11
2026/10/02 15:47,PUT,compaction_output,success,96
2026/10/02 15:47,PUT,normal_metadata_write,failure,5
2026/10/02 15:47,PUT,normal_metadata_write,success,170
2026/10/02 15:48,DELETE,compaction_output,success,22
2026/10/02 15:48,DELETE,normal_metadata_write,success,212
2026/10/02 15:48,DELETE,unclassified,success,16
2026/10/02 15:48,GET,unclassified,success,26
2026/10/02 15:48,PUT,compaction_output,success,161
2026/10/02 15:48,PUT,normal_metadata_write,failure,2
2026/10/02 15:48,PUT,normal_metadata_write,success,129
2026/10/02 15:49,DELETE,compaction_output,success,42
2026/10/02 15:49,DELETE,normal_metadata_write,success,156
2026/10/02 15:49,DELETE,unclassified,success,75
2026/10/02 15:49,GET,unclassified,success,92
2026/10/02 15:49,PUT,compaction_output,success,161
2026/10/02 15:49,PUT,normal_metadata_write,success,104
2026/10/02 15:50,DELETE,compaction_output,success,44
2026/10/02 15:50,DELETE,normal_metadata_write,success,300
2026/10/02 15:50,GET,unclassified,success,105
2026/10/02 15:50,PUT,compaction_output,success,160
2026/10/02 15:50,PUT,normal_metadata_write,failure,4
2026/10/02 15:50,PUT,normal_metadata_write,success,78
2026/10/02 15:51,DELETE,compaction_output,success,4
2026/10/02 15:51,DELETE,normal_metadata_write,failure,1
2026/10/02 15:51,DELETE,normal_metadata_write,success,117
2026/10/02 15:51,GET,compaction_output,success,16
2026/10/02 15:51,GET,unclassified,success,132
2026/10/02 15:51,PUT,compaction_output,success,198
2026/10/02 15:51,PUT,normal_metadata_write,failure,5
2026/10/02 15:51,PUT,normal_metadata_write,success,110
2026/10/02 15:52,DELETE,compaction_output,success,36
2026/10/02 15:52,DELETE,normal_metadata_write,success,261
2026/10/02 15:52,GET,compaction_output,success,6
2026/10/02 15:52,GET,unclassified,success,107
2026/10/02 15:52,PUT,compaction_output,success,166
2026/10/02 15:52,PUT,normal_metadata_write,success,84
2026/10/02 15:53,DELETE,compaction_output,success,40
2026/10/02 15:53,DELETE,normal_metadata_write,success,232
2026/10/02 15:53,GET,compaction_output,success,9
2026/10/02 15:53,GET,unclassified,success,86
2026/10/02 15:53,PUT,compaction_output,success,192
2026/10/02 15:53,PUT,normal_metadata_write,failure,1
2026/10/02 15:53,PUT,normal_metadata_write,success,68
2026/10/02 15:54,DELETE,compaction_output,success,9
2026/10/02 15:54,DELETE,normal_metadata_write,success,335
2026/10/02 15:54,GET,compaction_output,success,31
2026/10/02 15:54,GET,unclassified,success,51
2026/10/02 15:54,PUT,compaction_output,success,150
2026/10/02 15:54,PUT,normal_metadata_write,success,97
2026/10/02 15:55,DELETE,compaction_output,success,20
2026/10/02 15:55,DELETE,normal_metadata_write,success,204
2026/10/02 15:55,GET,compaction_output,success,37
2026/10/02 15:55,GET,unclassified,success,69
2026/10/02 15:55,PUT,compaction_output,success,181
2026/10/02 15:55,PUT,normal_metadata_write,failure,3
2026/10/02 15:55,PUT,normal_metadata_write,success,90
2026/10/02 15:56,DELETE,compaction_output,success,44
2026/10/02 15:56,DELETE,normal_metadata_write,success,39
2026/10/02 15:56,GET,compaction_output,success,19
2026/10/02 15:56,GET,unclassified,success,119
2026/10/02 15:56,PUT,compaction_output,success,158
2026/10/02 15:56,PUT,normal_metadata_write,success,197
2026/10/02 15:57,DELETE,normal_metadata_write,success,61
2026/10/02 15:57,DELETE,unclassified,success,19
2026/10/02 15:57,GET,compaction_output,success,14
2026/10/02 15:57,GET,unclassified,success,85
2026/10/02 15:57,PUT,compaction_output,failure,2
2026/10/02 15:57,PUT,compaction_output,success,141
2026/10/02 15:57,PUT,normal_metadata_write,success,191
2026/10/02 15:58,DELETE,compaction_output,success,5
2026/10/02 15:58,DELETE,normal_metadata_write,success,37
2026/10/02 15:58,DELETE,unclassified,success,9
2026/10/02 15:58,GET,compaction_output,success,2
2026/10/02 15:58,GET,unclassified,success,142
2026/10/02 15:58,PUT,compaction_output,failure,1
2026/10/02 15:58,PUT,compaction_output,success,185
2026/10/02 15:58,PUT,normal_metadata_write,success,185
2026/10/02 15:59,DELETE,normal_metadata_write,success,52
2026/10/02 15:59,GET,compaction_output,success,3
2026/10/02 15:59,GET,unclassified,success,171
2026/10/02 15:59,PUT,compaction_output,success,156
2026/10/02 15:59,PUT,normal_metadata_write,success,178
2026/10/02 16:00,DELETE,normal_metadata_write,success,133
2026/10/02 16:00,DELETE,unclassified,success,43
2026/10/02 16:00,GET,compaction_output,success,9
2026/10/02 16:00,GET,unclassified,success,98
2026/10/02 16:00,PUT,compaction_output,success,151
2026/10/02 16:00,PUT,normal_metadata_write,success,165
2026/10/02 16:01,DELETE,compaction_output,success,11
2026/10/02 16:01,DELETE,normal_metadata_write,success,86
2026/10/02 16:01,GET,compaction_output,success,11
2026/10/02 16:01,GET,unclassified,success,64
2026/10/02 16:01,PUT,compaction_output,success,145
2026/10/02 16:01,PUT,normal_metadata_write,success,198
2026/10/02 16:02,DELETE,compaction_output,success,16
2026/10/02 16:02,DELETE,normal_metadata_write,failure,1
2026/10/02 16:02,DELETE,normal_metadata_write,success,89
2026/10/02 16:02,GET,compaction_output,success,34
2026/10/02 16:02,GET,unclassified,success,102
2026/10/02 16:02,PUT,compaction_output,success,115
2026/10/02 16:02,PUT,normal_metadata_write,success,255
2026/10/02 16:03,DELETE,compaction_output,success,11
2026/10/02 16:03,DELETE,normal_metadata_write,failure,7
2026/10/02 16:03,DELETE,normal_metadata_write,success,25
2026/10/02 16:03,GET,compaction_output,success,15
2026/10/02 16:03,GET,normal_metadata_write,success,2
2026/10/02 16:03,GET,unclassified,success,113
2026/10/02 16:03,PUT,compaction_output,success,160
2026/10/02 16:03,PUT,normal_metadata_write,success,154
2026/10/02 16:04,DELETE,compaction_output,success,10
2026/10/02 16:04,DELETE,normal_metadata_write,success,69
2026/10/02 16:04,GET,compaction_output,success,5
2026/10/02 16:04,GET,normal_metadata_write,success,1
2026/10/02 16:04,GET,unclassified,success,314
2026/10/02 16:04,PUT,compaction_output,success,160
2026/10/02 16:04,PUT,normal_metadata_write,success,117
2026/10/02 16:05,DELETE,compaction_output,success,7
2026/10/02 16:05,DELETE,normal_metadata_write,success,47
2026/10/02 16:05,DELETE,unclassified,success,65
2026/10/02 16:05,GET,compaction_output,success,4
2026/10/02 16:05,GET,unclassified,success,90
2026/10/02 16:05,PUT,compaction_output,success,207
2026/10/02 16:05,PUT,normal_metadata_write,success,144
2026/10/02 16:06,DELETE,compaction_output,success,35
2026/10/02 16:06,DELETE,normal_metadata_write,success,92
2026/10/02 16:06,GET,compaction_output,success,17
2026/10/02 16:06,GET,normal_metadata_write,success,2
2026/10/02 16:06,GET,unclassified,success,104
2026/10/02 16:06,PUT,compaction_output,success,163
2026/10/02 16:06,PUT,normal_metadata_write,success,183
2026/10/02 16:07,DELETE,compaction_output,success,25
2026/10/02 16:07,DELETE,normal_metadata_write,success,31
2026/10/02 16:07,DELETE,unclassified,success,50
2026/10/02 16:07,GET,compaction_output,success,31
2026/10/02 16:07,GET,unclassified,success,85
2026/10/02 16:07,PUT,compaction_output,success,163
2026/10/02 16:07,PUT,normal_metadata_write,success,178
2026/10/02 16:08,DELETE,compaction_output,success,11
2026/10/02 16:08,DELETE,normal_metadata_write,success,46
2026/10/02 16:08,DELETE,unclassified,success,10
2026/10/02 16:08,GET,compaction_output,success,14
2026/10/02 16:08,GET,unclassified,success,95
2026/10/02 16:08,PUT,compaction_output,success,209
2026/10/02 16:08,PUT,normal_metadata_write,success,114
2026/10/02 16:09,DELETE,compaction_output,success,4
2026/10/02 16:09,DELETE,normal_metadata_write,success,36
2026/10/02 16:09,GET,compaction_output,success,22
2026/10/02 16:09,GET,unclassified,success,117
2026/10/02 16:09,PUT,compaction_output,success,157
2026/10/02 16:09,PUT,normal_metadata_write,success,157
2026/10/02 16:10,DELETE,compaction_output,success,24
2026/10/02 16:10,DELETE,normal_metadata_write,success,134
2026/10/02 16:10,GET,compaction_output,success,13
2026/10/02 16:10,GET,normal_metadata_write,success,17
2026/10/02 16:10,GET,unclassified,success,72
2026/10/02 16:10,PUT,compaction_output,success,169
2026/10/02 16:10,PUT,normal_metadata_write,failure,1
2026/10/02 16:10,PUT,normal_metadata_write,success,138
2026/10/02 16:11,DELETE,compaction_output,success,30
2026/10/02 16:11,DELETE,normal_metadata_write,success,56
2026/10/02 16:11,DELETE,unclassified,success,65
2026/10/02 16:11,GET,compaction_output,success,16
2026/10/02 16:11,GET,unclassified,success,30
2026/10/02 16:11,PUT,compaction_output,success,186
2026/10/02 16:11,PUT,normal_metadata_write,success,163
2026/10/02 16:12,DELETE,compaction_output,success,12
2026/10/02 16:12,DELETE,normal_metadata_write,success,57
2026/10/02 16:12,GET,compaction_output,success,16
2026/10/02 16:12,GET,normal_metadata_write,success,1
2026/10/02 16:12,GET,unclassified,success,47
2026/10/02 16:12,PUT,compaction_output,success,181
2026/10/02 16:12,PUT,normal_metadata_write,success,185
2026/10/02 16:13,DELETE,compaction_output,success,20
2026/10/02 16:13,DELETE,normal_metadata_write,success,119
2026/10/02 16:13,GET,compaction_output,success,18
2026/10/02 16:13,GET,unclassified,success,41
2026/10/02 16:13,PUT,compaction_output,failure,3
2026/10/02 16:13,PUT,compaction_output,success,207
2026/10/02 16:13,PUT,normal_metadata_write,success,109
2026/10/02 16:14,DELETE,compaction_output,success,12
2026/10/02 16:14,DELETE,normal_metadata_write,success,92
2026/10/02 16:14,GET,unclassified,success,21
2026/10/02 16:14,PUT,compaction_output,success,221
2026/10/02 16:14,PUT,normal_metadata_write,success,116
2026/10/02 16:15,DELETE,compaction_output,success,8
2026/10/02 16:15,DELETE,normal_metadata_write,success,83
2026/10/02 16:15,GET,compaction_output,success,36
2026/10/02 16:15,GET,unclassified,success,6
2026/10/02 16:15,PUT,compaction_output,success,241
2026/10/02 16:15,PUT,normal_metadata_write,success,125
2026/10/02 16:16,DELETE,compaction_output,success,28
2026/10/02 16:16,DELETE,normal_metadata_write,success,134
2026/10/02 16:16,GET,compaction_output,success,32
2026/10/02 16:16,GET,normal_metadata_write,success,8
2026/10/02 16:16,GET,unclassified,success,15
2026/10/02 16:16,PUT,compaction_output,success,184
2026/10/02 16:16,PUT,normal_metadata_write,success,177
2026/10/02 16:17,DELETE,compaction_output,success,36
2026/10/02 16:17,DELETE,normal_metadata_write,success,129
2026/10/02 16:17,GET,compaction_output,success,14
2026/10/02 16:17,GET,unclassified,success,19
2026/10/02 16:17,PUT,compaction_output,success,208
2026/10/02 16:17,PUT,normal_metadata_write,success,147
2026/10/02 16:18,DELETE,compaction_output,success,38
2026/10/02 16:18,DELETE,normal_metadata_write,success,212
2026/10/02 16:18,GET,compaction_output,success,20
2026/10/02 16:18,GET,unclassified,success,34
2026/10/02 16:18,PUT,compaction_output,success,213
2026/10/02 16:18,PUT,normal_metadata_write,success,130
2026/10/02 16:19,DELETE,compaction_output,success,30
2026/10/02 16:19,DELETE,normal_metadata_write,success,239
2026/10/02 16:19,GET,compaction_output,success,33
2026/10/02 16:19,GET,normal_metadata_write,success,19
2026/10/02 16:19,GET,unclassified,success,31
2026/10/02 16:19,PUT,compaction_output,success,164
2026/10/02 16:19,PUT,normal_metadata_write,success,127
2026/10/02 16:20,DELETE,compaction_output,success,102
2026/10/02 16:20,DELETE,normal_metadata_write,success,358
2026/10/02 16:20,GET,compaction_output,success,58
2026/10/02 16:20,GET,normal_metadata_write,success,3
2026/10/02 16:20,GET,unclassified,success,8
2026/10/02 16:20,PUT,compaction_output,success,165
2026/10/02 16:20,PUT,normal_metadata_write,success,123
2026/10/02 16:21,DELETE,compaction_output,success,78
2026/10/02 16:21,DELETE,normal_metadata_write,success,369
2026/10/02 16:21,GET,compaction_output,success,65
2026/10/02 16:21,GET,unclassified,success,11
2026/10/02 16:21,PUT,compaction_output,success,145
2026/10/02 16:21,PUT,normal_metadata_write,success,146
2026/10/02 16:22,DELETE,compaction_output,success,81
2026/10/02 16:22,DELETE,normal_metadata_write,success,421
2026/10/02 16:22,GET,compaction_output,success,29
2026/10/02 16:22,GET,unclassified,success,45
2026/10/02 16:22,PUT,compaction_output,success,117
2026/10/02 16:22,PUT,normal_metadata_write,success,174
2026/10/02 16:23,DELETE,compaction_output,success,77
2026/10/02 16:23,DELETE,normal_metadata_write,success,463
2026/10/02 16:23,GET,compaction_output,success,27
2026/10/02 16:23,GET,normal_metadata_write,success,7
2026/10/02 16:23,GET,unclassified,success,32
2026/10/02 16:23,PUT,compaction_output,success,119
2026/10/02 16:23,PUT,normal_metadata_write,success,177
2026/10/02 16:24,DELETE,compaction_output,success,7
2026/10/02 16:24,DELETE,normal_metadata_write,success,5
2026/10/02 16:24,DELETE,unclassified,success,327
2026/10/02 16:24,GET,compaction_output,success,21
2026/10/02 16:24,GET,unclassified,success,44
2026/10/02 16:24,PUT,compaction_output,success,87
2026/10/02 16:24,PUT,normal_metadata_write,success,160
2026/10/02 16:25,DELETE,unclassified,success,368
2026/10/02 16:25,GET,unclassified,success,43
2026/10/02 16:25,PUT,compaction_output,success,105
2026/10/02 16:25,PUT,normal_metadata_write,success,156
2026/10/02 16:26,DELETE,compaction_output,success,6
2026/10/02 16:26,DELETE,normal_metadata_write,success,84
2026/10/02 16:26,DELETE,unclassified,success,317
2026/10/02 16:26,GET,unclassified,success,38
2026/10/02 16:26,PUT,compaction_output,success,95
2026/10/02 16:26,PUT,normal_metadata_write,success,186
2026/10/02 16:27,DELETE,normal_metadata_write,success,258
2026/10/02 16:27,DELETE,unclassified,success,102
2026/10/02 16:27,GET,unclassified,success,34
2026/10/02 16:27,PUT,compaction_output,success,69
2026/10/02 16:27,PUT,normal_metadata_write,success,217
2026/10/02 16:28,DELETE,normal_metadata_write,success,380
2026/10/02 16:28,GET,unclassified,success,35
2026/10/02 16:28,PUT,compaction_output,success,29
2026/10/02 16:28,PUT,normal_metadata_write,success,245
2026/10/02 16:29,DELETE,normal_metadata_write,success,330
2026/10/02 16:29,DELETE,unclassified,success,5
2026/10/02 16:29,GET,unclassified,success,30
2026/10/02 16:29,PUT,compaction_output,success,103
2026/10/02 16:29,PUT,normal_metadata_write,success,179
2026/10/02 16:30,DELETE,normal_metadata_write,success,414
2026/10/02 16:30,DELETE,unclassified,success,11
2026/10/02 16:30,GET,unclassified,success,35
2026/10/02 16:30,PUT,compaction_output,failure,2
2026/10/02 16:30,PUT,compaction_output,success,56
2026/10/02 16:30,PUT,normal_metadata_write,success,219
2026/10/02 16:31,DELETE,normal_metadata_write,success,378
2026/10/02 16:31,GET,unclassified,success,33
2026/10/02 16:31,PUT,compaction_output,success,88
2026/10/02 16:31,PUT,normal_metadata_write,success,182
2026/10/02 16:32,DELETE,compaction_output,success,42
2026/10/02 16:32,DELETE,normal_metadata_write,failure,1
2026/10/02 16:32,DELETE,normal_metadata_write,success,411
2026/10/02 16:32,GET,unclassified,success,30
2026/10/02 16:32,PUT,compaction_output,success,54
2026/10/02 16:32,PUT,normal_metadata_write,success,256
2026/10/02 16:33,DELETE,compaction_output,success,12
2026/10/02 16:33,DELETE,normal_metadata_write,success,307
2026/10/02 16:33,DELETE,unclassified,success,71
2026/10/02 16:33,GET,unclassified,success,28
2026/10/02 16:33,PUT,compaction_output,success,108
2026/10/02 16:33,PUT,normal_metadata_write,success,166
2026/10/02 16:34,DELETE,normal_metadata_write,success,364
2026/10/02 16:34,GET,unclassified,success,25
2026/10/02 16:34,PUT,compaction_output,success,108
2026/10/02 16:34,PUT,normal_metadata_write,success,156
2026/10/02 16:35,DELETE,normal_metadata_write,success,415
2026/10/02 16:35,GET,compaction_output,success,16
2026/10/02 16:35,GET,unclassified,success,8
2026/10/02 16:35,PUT,compaction_output,success,75
2026/10/02 16:35,PUT,normal_metadata_write,success,211
2026/10/02 16:36,DELETE,compaction_output,success,41
2026/10/02 16:36,DELETE,normal_metadata_write,success,272
2026/10/02 16:36,GET,compaction_output,success,37
2026/10/02 16:36,GET,unclassified,success,9
2026/10/02 16:36,PUT,compaction_output,success,67
2026/10/02 16:36,PUT,normal_metadata_write,success,254
2026/10/02 16:37,DELETE,compaction_output,success,45
2026/10/02 16:37,DELETE,normal_metadata_write,success,295
2026/10/02 16:37,GET,compaction_output,success,26
2026/10/02 16:37,PUT,compaction_output,success,98
2026/10/02 16:37,PUT,normal_metadata_write,success,180
2026/10/02 16:38,DELETE,compaction_output,success,58
2026/10/02 16:38,DELETE,normal_metadata_write,success,337
2026/10/02 16:38,GET,compaction_output,success,16
2026/10/02 16:38,GET,unclassified,success,12
2026/10/02 16:38,PUT,compaction_output,success,90
2026/10/02 16:38,PUT,normal_metadata_write,success,176
2026/10/02 16:39,DELETE,compaction_output,success,9
2026/10/02 16:39,DELETE,normal_metadata_write,success,193
2026/10/02 16:39,GET,unclassified,success,20
2026/10/02 16:39,PUT,compaction_output,success,120
2026/10/02 16:39,PUT,normal_metadata_write,success,175
2026/10/02 16:40,DELETE,compaction_output,success,68
2026/10/02 16:40,DELETE,normal_metadata_write,success,302
2026/10/02 16:40,PUT,compaction_output,success,107
2026/10/02 16:40,PUT,normal_metadata_write,failure,2
2026/10/02 16:40,PUT,normal_metadata_write,success,159
2026/10/02 16:41,DELETE,compaction_output,success,41
2026/10/02 16:41,DELETE,normal_metadata_write,failure,1
2026/10/02 16:41,DELETE,normal_metadata_write,success,281
2026/10/02 16:41,PUT,compaction_output,success,55
2026/10/02 16:41,PUT,normal_metadata_write,success,228
2026/10/02 16:42,DELETE,compaction_output,success,11
2026/10/02 16:42,DELETE,normal_metadata_write,success,24
2026/10/02 16:42,GET,unclassified,success,11
2026/10/02 16:42,PUT,compaction_output,success,26
2026/10/02 16:42,PUT,normal_metadata_write,success,42
