minute,op,count,success,failure,payload_sum,cost_sum,cost_mean,cost_median,cost_p95,cost_max
2026/10/02 14:59,DELETE,158,158,0,0,206.927258621,1.3096661938037975,0.911176582,4.702005665,6.026896057
2026/10/02 14:59,GET,42,42,0,0,68.84605268600001,1.6391917306190475,1.1624589945000001,3.45967706,7.14793677
2026/10/02 14:59,PUT,25,25,0,17918543,96.070929525,3.842837181,3.395220743,6.038246213,6.675418379
2026/10/02 15:00,DELETE,421,421,0,0,598.757885177,1.4222277557648457,1.258853283,2.870755312,9.395967744
2026/10/02 15:00,GET,13,13,0,0,32.718502401,2.5168078769999997,2.301778475,3.306332064,3.306332064
2026/10/02 15:00,PUT,270,270,0,25412263,1687.711617497,6.250783768507407,5.550508296,11.988900013,15.89945079
2026/10/02 15:01,DELETE,423,423,0,0,596.177835205,1.4094038657328605,1.291781401,2.286999468,4.712706014
2026/10/02 15:01,GET,102,102,0,0,234.41667299,2.298202676372549,2.1369518245,4.082390016,4.827060289
2026/10/02 15:01,PUT,230,230,0,34940106,1905.240304718,8.283653498773914,8.331530307000001,12.372338048,15.384249525
2026/10/02 15:02,DELETE,447,447,0,0,591.3881239250001,1.3230159371923937,1.090995714,2.264309366,10.557788553
2026/10/02 15:02,GET,93,93,0,0,182.979404077,1.9675204739462366,1.968683035,3.71341049,4.435381863
2026/10/02 15:02,PUT,178,178,0,85239385,1742.901949103,9.791583983724719,9.064988357499999,18.790576305,22.839212716
2026/10/02 15:03,DELETE,393,393,0,0,596.565326866,1.517977930956743,1.385299964,2.824482792,5.29551619
2026/10/02 15:03,GET,270,270,0,0,541.659133529,2.006144938996296,1.9043946775,3.364032163,4.312237886
2026/10/02 15:03,PUT,125,116,9,83955516,1702.567103473,13.620536827784,7.844537265,30.000943044,30.002134205
2026/10/02 15:04,DELETE,332,332,0,0,545.337486429,1.6425827904487953,1.025029855,6.730993723,12.709501032
2026/10/02 15:04,GET,132,132,0,0,173.080760313,1.3112178811590909,1.1713917205,2.404709886,4.066854587
2026/10/02 15:04,PUT,194,194,0,103643608,1875.589351526,9.667986348072166,7.0781723175,21.065711447,26.88210258
2026/10/02 15:05,DELETE,231,231,0,0,651.574001259,2.820666672116883,1.586293574,8.979202467,14.027956361
2026/10/02 15:05,GET,92,92,0,0,132.027676694,1.435083442326087,1.3222683745000001,2.622922306,3.10972941
2026/10/02 15:05,PUT,218,218,0,84387809,1817.532016768,8.337302829211009,5.968862636,16.173221073,19.985703646
2026/10/02 15:06,DELETE,181,181,0,0,467.76698516700003,2.5843479843480663,1.084836556,13.321580322,17.905832357
2026/10/02 15:06,GET,111,111,0,0,179.395014711,1.6161713037027028,1.405932012,2.6191257,6.918706332
2026/10/02 15:06,PUT,353,353,0,41707145,1850.315475106,5.241686898317281,3.890730741,17.519397272,26.878657433
2026/10/02 15:07,DELETE,55,55,0,0,699.061954697,12.710217358127272,12.535797927,19.364287059,19.704834992
2026/10/02 15:07,GET,73,73,0,0,139.864795256,1.9159560993972602,1.785811513,3.67206278,3.936204833
2026/10/02 15:07,PUT,427,427,0,122900813,1809.499174243,4.237702984175644,4.033368489,6.561557247,9.376140043
2026/10/02 15:08,DELETE,81,81,0,0,618.247567825,7.632686022530864,5.110096009,20.601053832,20.601920068
2026/10/02 15:08,GET,123,123,0,0,266.602961289,2.1675037503170733,1.815878034,5.369991199,11.174898758
2026/10/02 15:08,PUT,266,266,0,151113809,1645.199926423,6.184962129409774,5.600113673,11.891563072,14.600792638
2026/10/02 15:09,DELETE,323,323,0,0,588.625876904,1.8223711359256967,1.195419433,4.574251076,9.010235232
2026/10/02 15:09,GET,65,65,0,0,92.734782986,1.4266889690153846,1.323409011,2.434328846,3.21883427
2026/10/02 15:09,PUT,239,238,1,219372974,1878.967528656,7.861788822828452,4.43483857,22.558241839,30.001078818
2026/10/02 15:10,DELETE,60,60,0,0,584.099863272,9.7349977212,10.118018041500001,12.76566875,12.850489008
2026/10/02 15:10,GET,60,60,0,0,70.008949926,1.1668158321,1.0750807,1.861775344,4.173910952
2026/10/02 15:10,PUT,171,167,4,120087013,1664.161905968,9.731940970573099,4.566423191,24.407080188,30.001923614
2026/10/02 15:11,DELETE,49,49,0,0,610.431526296,12.457786250938776,11.97315844,16.423115566,17.731809187
2026/10/02 15:11,GET,84,84,0,0,107.279228309,1.277133670345238,1.1816154399999999,2.041308466,2.595336124
2026/10/02 15:11,PUT,143,143,0,57186448,1830.217477476,12.798723618713288,13.101709369,27.736848678,29.446058307
2026/10/02 15:12,DELETE,285,285,0,0,567.979779249,1.992911506136842,0.8187444739999999,12.782238779,14.822003798
2026/10/02 15:12,GET,103,103,0,0,121.041111382,1.175156421184466,1.116304372,1.885128746,2.447349855
2026/10/02 15:12,PUT,104,100,4,22031818,1665.729793709,16.01663263181731,20.462427036500003,29.907873246,30.002094302
2026/10/02 15:13,DELETE,37,37,0,0,572.154343257,15.463630898837838,15.415461678,21.237845625,22.68257185
2026/10/02 15:13,GET,80,80,0,0,97.73911347,1.221738918375,1.1975997235,1.789321943,2.794845765
2026/10/02 15:13,PUT,282,275,7,101314532,2014.922250425,7.1451143632092196,3.6318579929999997,25.577760883,30.00166347
2026/10/02 15:14,DELETE,175,175,0,0,649.555443569,3.7117453918228573,1.459146245,16.995781503,22.075425084
2026/10/02 15:14,GET,75,75,0,0,110.338223864,1.4711763181866666,1.445928569,2.094347118,3.961574464
2026/10/02 15:14,PUT,325,316,9,34905113,1799.26853452,5.536210875446153,3.205713418,27.455436285,30.001627942
2026/10/02 15:15,DELETE,139,139,0,0,531.663168587,3.824914881920863,1.996646624,16.957928463,17.652629851
2026/10/02 15:15,GET,33,33,0,0,60.543242923,1.8346437249393939,1.68404997,3.507596276,3.735409476
2026/10/02 15:15,PUT,401,401,0,96455251,1889.874865266,4.712904900912719,4.261945907,7.045760041,25.823258674
2026/10/02 15:16,DELETE,40,40,0,0,650.805144136,16.2701286034,16.7317328285,20.709802883,20.836260853
2026/10/02 15:16,GET,39,39,0,0,59.849783616,1.5346098363076923,1.443804668,2.007952243,4.014268013
2026/10/02 15:16,PUT,530,530,0,3326217,1800.617321174,3.397391172026415,3.2508428460000003,4.597879355,10.689334951
2026/10/02 15:17,DELETE,51,51,0,0,578.299851223,11.339212769078431,10.355908247,17.16944254,19.954619918
2026/10/02 15:17,GET,36,36,0,0,59.132958353,1.6425821764722222,1.5618318549999999,2.78888517,3.646280046
2026/10/02 15:17,PUT,450,450,0,32754917,1786.805242084,3.970678315742222,3.66342826,6.210341804,8.443474969
2026/10/02 15:18,DELETE,48,48,0,0,575.605327703,11.991777660479167,12.34495518,15.394094458,17.849005602
2026/10/02 15:18,GET,40,40,0,0,60.151342076,1.5037835519,1.4685323035,1.985854395,2.190344488
2026/10/02 15:18,PUT,504,504,0,16417457,1802.267987142,3.5759285459166668,3.4067904205,5.002986996,6.433060664
2026/10/02 15:19,DELETE,106,106,0,0,672.584053602,6.345132581150943,2.8436210715000003,16.360866537,18.333738604
2026/10/02 15:19,GET,35,35,0,0,59.785184169,1.7081481191142858,1.51564195,2.220763129,8.783017011
2026/10/02 15:19,PUT,470,470,0,6110023,1790.440577891,3.8094480380659577,3.510271444,6.152084623,11.786386491
2026/10/02 15:20,DELETE,284,284,0,0,601.29166098,2.1172241583802816,1.8489659235,3.892464163,5.708762355
2026/10/02 15:20,GET,31,31,0,0,59.772001677,1.9281290863548388,1.854482091,2.670355726,3.40084591
2026/10/02 15:20,PUT,380,380,0,18200111,1730.37704976,4.553623815157895,4.2575854895,6.2540785,12.002417728
2026/10/02 15:21,DELETE,346,346,0,0,497.229935339,1.4370807379739885,1.2478358475,2.045868113,24.028606923
2026/10/02 15:21,GET,41,41,0,0,60.527563511,1.4762820368536584,1.444081013,2.178727815,2.964646594
2026/10/02 15:21,PUT,328,316,12,7175899,1740.963584597,5.307815806698171,3.2811818245,25.811190558,30.002137195
2026/10/02 15:22,DELETE,329,329,0,0,680.510345579,2.0684205032796354,1.406207591,4.292767982,16.3243288
2026/10/02 15:22,GET,39,39,0,0,59.66127173,1.5297761982051281,1.432387681,2.344465638,2.786022836
2026/10/02 15:22,PUT,363,362,1,7757362,1839.607226121,5.067788501710744,3.66755313,18.352298717,30.003467788
2026/10/02 15:23,DELETE,203,203,0,0,472.191335292,2.326065691093596,1.287556573,12.601437281,23.551881772
2026/10/02 15:23,GET,42,42,0,0,60.139381504,1.4318900358095237,1.383440252,2.247673551,2.408205511
2026/10/02 15:23,PUT,372,363,9,40473874,1846.005076303,4.962379237373656,3.3438479625,21.729493738,30.001871212
2026/10/02 15:24,DELETE,30,30,0,0,626.3120118420001,20.877067061400002,21.277036352,24.741757164,27.970795015
2026/10/02 15:24,GET,43,43,0,0,60.10248985,1.3977323220930233,1.412550391,1.989449992,2.095897122
2026/10/02 15:24,PUT,482,481,1,43983387,1795.065635399,3.7242025630684648,3.353809817,5.971442696,30.001356664
2026/10/02 15:25,DELETE,31,31,0,0,568.090504377,18.325500141193547,18.609528384,22.357295441,26.33645279
2026/10/02 15:25,GET,20,20,0,0,30.370833964,1.5185416982,1.332991465,2.464166116,3.241997534
2026/10/02 15:25,PUT,520,520,0,16881368,1817.627937905,3.495438342125,3.123369063,5.192488698,29.769770482
2026/10/02 15:26,DELETE,40,40,0,0,654.723039836,16.3680759959,15.7726371615,24.355364087,27.754680645
2026/10/02 15:26,GET,42,42,0,0,59.695291666,1.4213164682380952,1.4310064455,1.78241812,2.053714659
2026/10/02 15:26,PUT,520,520,0,9146457,1815.186511853,3.490743292025,3.2778722815,5.169965732,9.665228185
2026/10/02 15:27,DELETE,40,40,0,0,685.949646628,17.1487411657,19.431114084,22.792132284,22.792986114
2026/10/02 15:27,GET,31,31,0,0,50.650914358,1.6339004631612903,1.44988586,3.136198611,5.608703666
2026/10/02 15:27,PUT,463,463,0,8619037,1791.721883904,3.8698096844578833,3.445450935,6.706823675,10.020571379
2026/10/02 15:28,DELETE,166,166,0,0,603.383106292,3.6348379897108436,1.6925205865000001,12.6297752,19.210406795
2026/10/02 15:28,GET,33,33,0,0,60.06663318,1.8202010054545454,1.773044899,2.743335443,3.769728844
2026/10/02 15:28,PUT,439,439,0,13338379,1775.066947656,4.043432682587699,3.734872445,6.050708917,13.014189546
2026/10/02 15:29,DELETE,100,100,0,0,520.149630607,5.20149630607,1.962153332,20.13176808,20.13273485
2026/10/02 15:29,GET,41,41,0,0,59.95488131,1.462314178292683,1.396053402,1.995059684,2.630595371
2026/10/02 15:29,PUT,475,475,0,610195,1824.8776490980001,3.841847682311579,3.336575545,5.875085242,18.888725533
2026/10/02 15:30,DELETE,160,160,0,0,599.949895063,3.74968684414375,1.816590423,21.740742786,26.341337895
2026/10/02 15:30,GET,36,36,0,0,60.388943511,1.6774706530833334,1.6613387005,2.314767148,2.628693708
2026/10/02 15:30,PUT,407,407,0,27082111,1782.205054153,4.378882196936118,3.937318749,7.416326024,14.148476252
2026/10/02 15:31,DELETE,128,128,0,0,654.390544908,5.11242613209375,4.123538285,11.717500391,18.870255155
2026/10/02 15:31,GET,36,36,0,0,60.720853419,1.68669037275,1.493231932,3.248211916,6.929116467
2026/10/02 15:31,PUT,435,435,0,52570649,1781.240182173,4.094805016489655,3.699727271,7.818701197,14.496031624
2026/10/02 15:32,DELETE,313,313,0,0,593.910495975,1.8974776229233228,1.404428541,8.821162659,16.262865563
2026/10/02 15:32,GET,40,40,0,0,58.674995458,1.46687488645,1.4243420535,2.108790245,3.473706449
2026/10/02 15:32,PUT,427,427,0,12676040,1805.080260288,4.227354239550351,3.724933416,9.28099837,21.531071785
2026/10/02 15:33,DELETE,139,139,0,0,590.035991876,4.244863250906475,1.761734766,12.896398572,20.94207014
2026/10/02 15:33,GET,37,37,0,0,60.089903301999996,1.6240514405945945,1.549746941,2.734827477,3.106399779
2026/10/02 15:33,PUT,429,429,0,10491193,1794.520914256,4.18303243416317,3.707379715,6.548590548,16.202221895
2026/10/02 15:34,DELETE,366,366,0,0,632.116705824,1.7270948246557376,1.572842363,3.118841676,14.929611607
2026/10/02 15:34,GET,34,34,0,0,60.579173482,1.7817403965294119,1.6918805890000002,2.467437261,4.634011189
2026/10/02 15:34,PUT,348,348,0,7225480,1765.08528777,5.072084160258621,4.0837823035,10.437131177,21.165975209
2026/10/02 15:35,DELETE,387,387,0,0,597.644277087,1.5443004575891472,1.423924133,2.500629321,5.809232605
2026/10/02 15:35,GET,38,38,0,0,60.124688045,1.5822286327631578,1.5565947905000002,2.258215261,2.336662266
2026/10/02 15:35,PUT,332,326,6,6406098,1775.542303488,5.348018986409638,3.893051938,12.874818319,30.001476558
2026/10/02 15:36,DELETE,330,330,0,0,594.301205724,1.8009127446181818,1.4634297355,4.851377304,6.649349122
2026/10/02 15:36,GET,21,21,0,0,37.620647620999996,1.7914594105238095,1.63077098,3.339158869,5.189381234
2026/10/02 15:36,PUT,267,267,0,7855904,1788.778972206,6.6995467123820225,5.75925902,13.176464846,18.939324483
2026/10/02 15:37,DELETE,433,433,0,0,599.206470397,1.3838486614249423,1.294829473,3.575053004,6.88846863
2026/10/02 15:37,GET,28,28,0,0,45.560919667,1.627175702392857,1.487936408,3.013071189,3.286646195
2026/10/02 15:37,PUT,280,278,2,54279798,1729.597356146,6.177133414807143,5.0575600094999995,11.962372198,30.001586771
2026/10/02 15:38,DELETE,550,550,0,0,564.3582547460001,1.02610591772,0.995644055,3.194235122,9.517898199
2026/10/02 15:38,GET,42,42,0,0,60.748336923,1.4463889743571428,1.413285305,2.061703321,2.104071387
2026/10/02 15:38,PUT,290,281,9,17802046,1845.697712784,6.364474871668966,4.4353768435,20.87721675,30.00159734
2026/10/02 15:39,DELETE,301,301,0,0,634.708099478,2.108664782318937,1.360600557,5.773036816,14.717161091
2026/10/02 15:39,GET,44,44,0,0,59.603343446,1.3546214419545455,1.3274745145,1.922902585,3.411357673
2026/10/02 15:39,PUT,294,294,0,15675308,1851.33170425,6.2970466130952385,5.5279137345,13.189144219,28.763573267
2026/10/02 15:40,DELETE,372,372,0,0,593.995457218,1.5967619817688172,1.4295701985,3.774708795,5.312525461
2026/10/02 15:40,GET,39,39,0,0,60.843831854,1.5600982526666667,1.578118983,2.480193271,2.509426811
2026/10/02 15:40,PUT,276,275,1,45804559,1798.984099982,6.518058333268116,5.7632154395,11.319673987,30.00090241
2026/10/02 15:41,DELETE,380,380,0,0,597.868764198,1.5733388531526316,1.3751724215,4.775474655,9.039304801
2026/10/02 15:41,GET,40,40,0,0,59.576805886,1.48942014715,1.512608726,1.967589253,2.522939245
2026/10/02 15:41,PUT,296,291,5,11687153,1780.757401561,6.016072302570946,5.1660791615,11.453383427,30.001541032
2026/10/02 15:42,DELETE,291,291,0,0,599.24647256,2.0592662287285224,1.592270232,5.992046742,7.560134762
2026/10/02 15:42,GET,16,16,0,0,25.185279638,1.574079977375,1.5136850554999999,3.346213495,3.346213495
2026/10/02 15:42,PUT,329,329,0,20769082,1831.890813449,5.568057183735562,5.020242642,10.106741785,16.77759858
2026/10/02 15:43,DELETE,433,433,0,0,596.727224018,1.3781229192101616,1.461959506,2.265404347,3.504589389
2026/10/02 15:43,GET,2,2,0,0,3.824202134,1.912101067,1.912101067,2.883411087,2.883411087
2026/10/02 15:43,PUT,264,264,0,27143367,1751.419927976,6.634166393848485,5.460543523,13.417793713,19.739859522
2026/10/02 15:44,DELETE,395,395,0,0,607.718822252,1.538528663929114,1.191024802,3.881805241,8.596918394
2026/10/02 15:44,PUT,291,291,0,5955155,1779.938904993,6.116628539494846,5.428902645,12.311364642,16.369167768
2026/10/02 15:45,DELETE,404,404,0,0,595.884966556,1.4749627885049506,1.349006284,3.651909146,4.918837157
2026/10/02 15:45,PUT,298,298,0,58260904,1812.921117973,6.083627912661074,4.736063855499999,15.714516739,24.513606351
2026/10/02 15:46,DELETE,524,524,0,0,598.518580855,1.1422110321660306,1.097046765,2.521149291,4.772066439
2026/10/02 15:46,PUT,253,244,9,8524763,1670.738376688,6.603708998766798,4.004894575,24.899354762,30.001753903
2026/10/02 15:47,DELETE,359,359,0,0,591.829099995,1.6485490250557102,1.212973251,4.782195294,10.608896491
2026/10/02 15:47,PUT,271,266,5,22435934,1838.871008406,6.7855018760369,4.95063711,18.066034426,30.001668056
2026/10/02 15:48,DELETE,250,250,0,0,595.33353031,2.38133412124,1.5109029045,8.293690653,14.080301297
2026/10/02 15:48,GET,26,26,0,0,53.902889911,2.0731880735,1.9382766205,2.978264615,7.641133502
2026/10/02 15:48,PUT,292,290,2,49016390,1796.707667393,6.153108449976028,4.6279417745,17.911472269,30.001500419
2026/10/02 15:49,DELETE,273,273,0,0,592.904252284,2.17181044792674,1.528934398,6.058201529,16.147331271
2026/10/02 15:49,GET,92,92,0,0,175.07411618,1.9029795236956522,1.8592488,3.291680577,4.024399215
2026/10/02 15:49,PUT,265,265,0,108855767,1820.81054676,6.870983195320755,5.187913246,17.672568631,26.487636377
2026/10/02 15:50,DELETE,344,344,0,0,572.671207235,1.6647418814970931,1.4162570185,3.805898281,9.515564799
2026/10/02 15:50,GET,105,105,0,0,215.609818808,2.0534268457904763,2.074241542,2.873016393,4.337294488
2026/10/02 15:50,PUT,242,238,4,125381966,1803.837958853,7.453875863028926,5.6461930795,23.377153839,30.001726287
2026/10/02 15:51,DELETE,122,121,1,0,623.816501626,5.113250013327868,2.35940556,21.4664679,30.001568425
2026/10/02 15:51,GET,148,148,0,0,277.850452098,1.877367919581081,1.627986516,3.125922897,13.270479325
2026/10/02 15:51,PUT,313,308,5,137305589,1832.359162708,5.854182628460064,4.155594757,15.593350702,30.001689868
2026/10/02 15:52,DELETE,297,297,0,0,597.058748027,2.010298814905724,1.756248068,4.077528699,16.910012165
2026/10/02 15:52,GET,113,113,0,0,227.063661576,2.009412934300885,1.975242676,2.668529962,5.851837564
2026/10/02 15:52,PUT,250,250,0,146140686,1735.428093624,6.941712374496,5.6617648005,17.661396224,28.440347171
2026/10/02 15:53,DELETE,272,272,0,0,596.460443314,2.192869276889706,1.793699408,5.623497783,9.214568625
2026/10/02 15:53,GET,95,95,0,0,235.914515077,2.4833106850210527,2.206916654,5.773691654,8.232151641
2026/10/02 15:53,PUT,261,260,1,128215363,1854.986336671,7.107227343567049,6.103998256,14.090914768,30.00161184
2026/10/02 15:54,DELETE,344,344,0,0,601.441786047,1.748377285020349,1.6330038660000001,2.487394871,12.603170326
2026/10/02 15:54,GET,82,82,0,0,225.206506854,2.746420815292683,2.1436144109999997,5.458963856,10.824704812
2026/10/02 15:54,PUT,247,247,0,96424530,1710.90394446,6.926736617246964,5.950914958,14.137909024,20.248747246
2026/10/02 15:55,DELETE,224,224,0,0,595.654239598,2.6591707124910715,1.877393906,7.546870058,8.589660621
2026/10/02 15:55,GET,106,106,0,0,258.666557234,2.440250539943396,2.056703395,5.412810613,10.702835571
2026/10/02 15:55,PUT,274,271,3,112756258,1898.912819702,6.930338758036497,5.4241003375000005,15.25517572,30.001669751
2026/10/02 15:56,DELETE,83,83,0,0,542.770468993,6.539403240879518,2.807014095,22.029142988,22.030171174
2026/10/02 15:56,GET,138,138,0,0,419.341882409,3.0387092928188406,2.3413760630000002,6.408830225,12.915249972
2026/10/02 15:56,PUT,355,355,0,126215659,1785.322578258,5.029077685233803,4.740967536,7.852373357,27.761819184
2026/10/02 15:57,DELETE,80,80,0,0,586.692301369,7.3336537671125,2.5513100069999997,23.230924456,23.231223004
2026/10/02 15:57,GET,99,99,0,0,243.370905581,2.4582919755656567,2.004594009,5.935664775,14.015219526
2026/10/02 15:57,PUT,334,332,2,92639201,1780.354322559,5.3304021633503,4.7108305435,9.499467308,30.001883118
2026/10/02 15:58,DELETE,51,51,0,0,658.811278632,12.917868208470589,13.310763607,23.626596769,26.623386545
2026/10/02 15:58,GET,144,144,0,0,310.987373228,2.1596345363055556,2.0366429575,3.086437298,11.556972316
2026/10/02 15:58,PUT,371,370,1,163415139,1848.712512131,4.983052593345014,4.824564339,7.987639872,30.00255607
2026/10/02 15:59,DELETE,52,52,0,0,595.514464037,11.45220123148077,12.831128253,13.060107451,13.866736202
2026/10/02 15:59,GET,174,174,0,0,371.634396309,2.1358298638448274,1.9388635685,3.93083935,7.82264634
2026/10/02 15:59,PUT,334,334,0,102521790,1801.367458754,5.393315744772455,4.7967422535,10.169672803,22.575588693
2026/10/02 16:00,DELETE,176,176,0,0,550.149158143,3.1258474894488635,2.44443114,10.155345361,10.156828465
2026/10/02 16:00,GET,107,107,0,0,273.602147814,2.55702941882243,2.199377525,5.805126241,8.075741775
2026/10/02 16:00,PUT,316,316,0,89118605,1750.652517638,5.5400396127784814,5.2132078845,8.701046078,16.836562722
2026/10/02 16:01,DELETE,97,97,0,0,613.579980225,6.325566806443299,5.503136697,19.13932514,19.140477957
2026/10/02 16:01,GET,75,75,0,0,209.598504523,2.7946467269733333,2.157597403,7.381178079,9.707829997
2026/10/02 16:01,PUT,343,343,0,140687650,1841.396650652,5.368503354670554,4.936816273,9.252787643,20.437322736
2026/10/02 16:02,DELETE,106,105,1,0,623.768800557,5.884611326009434,4.9950224930000005,19.281167748,30.001941608
2026/10/02 16:02,GET,136,136,0,0,307.620469295,2.2619152154044118,2.0619430855000003,3.440197163,8.761546055
2026/10/02 16:02,PUT,370,370,0,105067599,1751.766546635,4.734504180094595,4.4659727635,7.151076367,17.255792385
2026/10/02 16:03,DELETE,43,36,7,0,582.074251965,13.536610510813954,13.057046594,30.001158861,30.001295272
2026/10/02 16:03,GET,130,130,0,0,303.420209641,2.334001612623077,1.9771542645000002,6.081848554,12.414696138
2026/10/02 16:03,PUT,314,314,0,121239208,1805.587154517,5.750277562156051,4.9620545355,12.597364194,18.558338136
2026/10/02 16:04,DELETE,79,79,0,0,553.630420002,7.0079800000253165,5.384978784,15.477846678,16.463718675
2026/10/02 16:04,GET,320,320,0,0,827.222859375,2.585071435546875,2.5032546945,3.926246202,7.008247643
2026/10/02 16:04,PUT,277,277,0,115961498,1828.545387099,6.601246884833935,6.296997268,10.986622567,28.631462496
2026/10/02 16:05,DELETE,119,119,0,0,630.426407286,5.297700901563025,2.168548653,17.035707508,24.63736587
2026/10/02 16:05,GET,94,94,0,0,224.29898128,2.386159375319149,2.2157618165,5.429345625,6.323720614
2026/10/02 16:05,PUT,351,351,0,148353721,1801.041048659,5.13117107880057,4.981616812,7.706337716,16.32232342
2026/10/02 16:06,DELETE,127,127,0,0,625.102160111,4.92206425284252,5.14328526,10.955248713,17.127799048
2026/10/02 16:06,GET,123,123,0,0,276.107963567,2.244780191601626,2.076218793,3.192423494,7.973543954
2026/10/02 16:06,PUT,346,346,0,115026211,1734.7201141,5.013641948265896,4.7296469094999996,7.353099632,22.919501167
2026/10/02 16:07,DELETE,106,106,0,0,616.871910004,5.819546320792453,2.570108473,20.933352137,20.943596664
2026/10/02 16:07,GET,116,116,0,0,261.141841913,2.251222775112069,2.1987586940000003,3.908287024,6.153534964
2026/10/02 16:07,PUT,341,341,0,152908954,1838.440799305,5.391321992096774,5.020952912,7.918535773,29.86870527
2026/10/02 16:08,DELETE,67,67,0,0,480.711375582,7.174796650477612,6.541181392,15.648945646,21.754417009
2026/10/02 16:08,GET,109,109,0,0,257.345949994,2.360972018293578,2.276433471,3.602596347,5.265815816
2026/10/02 16:08,PUT,323,323,0,172241062,1786.964484861,5.532397785947368,5.34847723,8.334072034,17.452242497
2026/10/02 16:09,DELETE,40,40,0,0,715.528680618,17.88821701545,18.944722511000002,24.241734704,24.782981179
2026/10/02 16:09,GET,139,139,0,0,295.509083652,2.125964630589928,2.106674268,3.619716606,4.044971063
2026/10/02 16:09,PUT,314,314,0,93830018,1824.640054266,5.810955586834395,5.534288698499999,9.85840388,14.928649127
2026/10/02 16:10,DELETE,158,158,0,0,605.268243343,3.8308116667278482,2.5063662815,13.095794807,16.527286876
2026/10/02 16:10,GET,102,102,0,0,261.595826741,2.5646649680490197,2.277172483,5.233390892,7.704235
2026/10/02 16:10,PUT,308,307,1,123169472,1730.000388694,5.616884378876623,4.880332148,11.000567142,30.001170873
2026/10/02 16:11,DELETE,151,151,0,0,609.638306158,4.0373397758807945,2.21909932,9.970713507,14.796083416
2026/10/02 16:11,GET,46,46,0,0,92.09699955,2.0021086858695654,1.8796681995000002,3.091403359,3.97301848
2026/10/02 16:11,PUT,349,349,0,101950009,1840.285209989,5.273023524323782,4.813787524,9.347480422,26.486342135
2026/10/02 16:12,DELETE,69,69,0,0,544.3777825,7.889533079710145,8.383312754,13.036175389,14.625347147
2026/10/02 16:12,GET,64,64,0,0,135.561785411,2.118152897046875,1.7445243855,4.038781737,8.64134225
2026/10/02 16:12,PUT,366,366,0,172411260,1799.801205624,4.917489632852459,4.5962209945,8.353644391,19.588717043
2026/10/02 16:13,DELETE,139,139,0,0,626.448872246,4.5068264190359715,3.836484903,9.654531089,16.764316652
2026/10/02 16:13,GET,59,59,0,0,138.76518706,2.3519523230508477,2.019053848,6.806488283,7.43899388
2026/10/02 16:13,PUT,319,316,3,216302090,1831.986954387,5.742905813125392,5.355439109,9.879757789,16.2738227
2026/10/02 16:14,DELETE,104,104,0,0,588.500729904,5.658660864461538,4.725000397500001,14.031649796,15.476265049
2026/10/02 16:14,GET,21,21,0,0,32.552703945,1.5501287592857143,1.499982289,2.014517482,4.300526147
2026/10/02 16:14,PUT,337,337,0,160505022,1784.893978607,5.296421301504451,4.7337985,9.186580275,15.201094975
2026/10/02 16:15,DELETE,91,91,0,0,611.950964051,6.724735868692307,6.493914908,12.032468013,16.601895732
2026/10/02 16:15,GET,42,42,0,0,99.784794467,2.3758284396904763,2.1520561049999998,4.203688864,6.273165226
2026/10/02 16:15,PUT,366,366,0,127419187,1791.392721316,4.894515632010929,4.6048168245,8.317676166,11.055856786
2026/10/02 16:16,DELETE,162,162,0,0,614.712056944,3.7945188700246915,2.0194738919999997,8.598703292,11.113515302
2026/10/02 16:16,GET,55,55,0,0,163.027572878,2.964137688690909,2.438242303,5.949513247,9.18893843
2026/10/02 16:16,PUT,361,361,0,119077279,1787.694796977,4.952063149520775,4.634642932,7.772208028,11.368786473
2026/10/02 16:17,DELETE,165,165,0,0,572.175000515,3.467727275848485,2.535777194,7.17967547,11.157574829
2026/10/02 16:17,GET,33,33,0,0,74.939274099,2.270887093909091,2.234920762,4.428046224,4.888126959
2026/10/02 16:17,PUT,355,355,0,145841167,1814.404147448,5.110997598445071,5.068217769,7.22453525,9.844726674
2026/10/02 16:18,DELETE,250,250,0,0,623.016931432,2.492067725728,1.8950392685000002,9.214398867,15.722879943
2026/10/02 16:18,GET,54,54,0,0,115.571982667,2.1402219012407406,2.1140746195,2.718743772,3.426494146
2026/10/02 16:18,PUT,343,343,0,125490055,1740.028972252,5.072970764583091,4.871186167,7.087741791,14.538889867
2026/10/02 16:19,DELETE,269,269,0,0,576.992281371,2.144952718851301,1.834730932,4.799079306,7.437534862
2026/10/02 16:19,GET,83,83,0,0,186.799740342,2.2505992812289155,1.950587566,3.797396497,11.056892844
2026/10/02 16:19,PUT,291,291,0,123792508,1851.702504278,6.363238846316151,5.837867546,10.386555277,17.569913003
2026/10/02 16:20,DELETE,460,460,0,0,622.111579905,1.3524164780543477,1.236153218,4.880050844,8.686582866
2026/10/02 16:20,GET,69,69,0,0,146.443574344,2.1223706426666666,1.984796387,3.498183413,4.407192794
2026/10/02 16:20,PUT,288,288,0,141479523,1742.928781995,6.05183604859375,5.576089597,10.269145353,15.665445875
2026/10/02 16:21,DELETE,447,447,0,0,575.823674432,1.288196139668904,1.159900593,4.568744421,7.979542443
2026/10/02 16:21,GET,76,76,0,0,157.710180704,2.075133956631579,1.910698044,3.659155477,5.318173494
2026/10/02 16:21,PUT,291,291,0,156239969,1827.502555625,6.280077510738832,5.470152482,11.17484768,15.37278042
2026/10/02 16:22,DELETE,502,502,0,0,623.072220388,1.2411797218884462,1.2496630785,4.162227615,7.796003932
2026/10/02 16:22,GET,74,74,0,0,163.113360734,2.2042346045135135,2.0792656705,4.302991835,5.210818961
2026/10/02 16:22,PUT,291,291,0,100412383,1830.573342809,6.290630044017182,5.705474934,10.777144435,18.587712751
2026/10/02 16:23,DELETE,540,540,0,0,589.350968849,1.0913906830537037,1.320854965,2.918233218,7.549015078
2026/10/02 16:23,GET,66,66,0,0,128.049712478,1.9401471587575758,1.935990186,2.779699834,5.081107223
2026/10/02 16:23,PUT,296,296,0,85205049,1782.33518766,6.021402661013513,5.4280921955,10.724374006,16.086541221
2026/10/02 16:24,DELETE,339,339,0,0,595.86541601,1.7577150914749262,1.509959994,3.48849973,4.958584588
2026/10/02 16:24,GET,65,65,0,0,121.365019286,1.8671541428615384,1.819484434,2.522620274,4.694481109
2026/10/02 16:24,PUT,247,247,0,119891680,1787.242311464,7.235798831838057,6.539088005,12.480049858,18.657680606
2026/10/02 16:25,DELETE,368,368,0,0,592.715357342,1.6106395579945652,1.6068565245,2.149402769,4.154194096
2026/10/02 16:25,GET,43,43,0,0,89.863502391,2.0898488928139534,1.990146626,2.663186341,5.09892586
2026/10/02 16:25,PUT,261,261,0,69943262,1787.432332802,6.848399742536398,6.014418322,12.304006874,19.594839471
2026/10/02 16:26,DELETE,407,407,0,0,598.38519167,1.470233886167076,1.513761826,2.720297541,4.840526065
2026/10/02 16:26,GET,38,38,0,0,81.107985317,2.134420666236842,1.9765821595,3.834457461,3.87050654
2026/10/02 16:26,PUT,281,281,0,88273322,1799.706289863,6.404648718373665,5.572042897,11.496242633,18.018407661
2026/10/02 16:27,DELETE,360,360,0,0,593.353029004,1.6482028583444444,1.4489250105,2.881931279,7.525489268
2026/10/02 16:27,GET,34,34,0,0,59.568447182,1.7520131524117648,1.6119265255,3.258501002,3.323977607
2026/10/02 16:27,PUT,286,286,0,20913716,1801.274850783,6.298163813926573,5.785621881,11.069364413,16.197792714
2026/10/02 16:28,DELETE,380,380,0,0,600.348204718,1.5798636966263158,1.503382934,2.445468136,3.403419275
2026/10/02 16:28,GET,35,35,0,0,59.396252725000004,1.6970357921428572,1.564154414,3.026854698,3.809503448
2026/10/02 16:28,PUT,274,274,0,13349186,1788.803789836,6.528480984802919,5.9363980485,11.228324587,16.532075517
2026/10/02 16:29,DELETE,335,335,0,0,598.503714695,1.7865782528208956,1.646920317,3.439782645,6.231430637
2026/10/02 16:29,GET,30,30,0,0,61.528410004,2.050947000133333,1.5543340955,3.880621783,10.287052699
2026/10/02 16:29,PUT,282,282,0,29720660,1799.025126624,6.379521725617021,5.469696974,12.967414435,19.455117203
2026/10/02 16:30,DELETE,425,425,0,0,597.314853451,1.405446714002353,1.383098516,2.01474385,3.223660987
2026/10/02 16:30,GET,35,35,0,0,61.700758563,1.7628788160857143,1.675075392,2.742313712,4.213301441
2026/10/02 16:30,PUT,277,275,2,21417168,1794.459027552,6.478191435205776,5.790380354,12.40994493,16.705832965
2026/10/02 16:31,DELETE,378,378,0,0,592.133816464,1.56649157794709,1.457775321,3.618567156,5.261580285
2026/10/02 16:31,GET,33,33,0,0,59.314433249,1.797407068151515,1.761777725,2.501133313,3.62257479
2026/10/02 16:31,PUT,270,270,0,26935000,1735.649237872,6.428330510637037,5.360891561,14.047797404,20.079501746
2026/10/02 16:32,DELETE,454,453,1,0,592.12135113,1.3042320509471366,1.268055322,3.669408929,4.757700204
2026/10/02 16:32,GET,30,30,0,0,54.201716394,1.8067238798,1.7041769164999998,2.733839787,4.347274295
2026/10/02 16:32,PUT,310,310,0,59479459,1908.068267888,6.155058928670968,5.091660588,12.587195108,21.075724292
2026/10/02 16:33,DELETE,390,390,0,0,599.458459398,1.5370729728153847,1.481528261,3.076400089,5.352143331
2026/10/02 16:33,GET,28,28,0,0,52.004371165,1.8572989701785714,1.8653897675,2.499336756,2.602113026
2026/10/02 16:33,PUT,274,274,0,43187706,1705.414779402,6.224141530664234,5.1510275404999994,12.23623775,18.194827193
2026/10/02 16:34,DELETE,364,364,0,0,597.253205526,1.6408055096868133,1.558660242,2.475152493,3.820559487
2026/10/02 16:34,GET,25,25,0,0,49.101045698,1.96404182792,1.792222772,3.102315541,3.278858787
2026/10/02 16:34,PUT,264,264,0,50299101,1854.800674145,7.0257601293371215,6.390506970500001,12.542232774,18.336070596
2026/10/02 16:35,DELETE,415,415,0,0,593.15768603,1.4292956289879517,1.409826083,2.686348739,3.765238202
2026/10/02 16:35,GET,24,24,0,0,47.872457737,1.9946857390416666,1.891097468,3.175069876,3.55902617
2026/10/02 16:35,PUT,286,286,0,48633708,1800.245761358,6.294565599153846,5.531998328,11.70439162,15.520708397
2026/10/02 16:36,DELETE,313,313,0,0,601.032444148,1.9202314509520766,1.387243925,5.085786289,6.78002293
2026/10/02 16:36,GET,46,46,0,0,110.677197569,2.4060260341086956,1.7778098875000001,5.781390826,9.271389537
2026/10/02 16:36,PUT,321,321,0,40604287,1760.77595069,5.485283335482866,4.523714668,11.848908343,17.213205086
2026/10/02 16:37,DELETE,340,340,0,0,582.353136589,1.7128033429088236,1.3819203455,4.589051874,11.064229539
2026/10/02 16:37,GET,26,26,0,0,48.679431762,1.872285837,1.749142447,2.80657091,3.803060356
2026/10/02 16:37,PUT,278,278,0,86671183,1822.645766283,6.556279734830936,5.4667690315,15.265517672,24.636190477
2026/10/02 16:38,DELETE,395,395,0,0,591.52005292,1.4975191213164556,1.309375662,4.305388398,10.500663276
2026/10/02 16:38,GET,28,28,0,0,47.533953023,1.6976411793928572,1.5994578845,2.769080358,3.568819258
2026/10/02 16:38,PUT,266,266,0,49428256,1712.612720862,6.438393687451128,4.9777387735000005,16.308819553,28.631309493
2026/10/02 16:39,DELETE,202,202,0,0,606.442504147,3.002190614589109,1.6332955315,9.212250482,15.663966339
2026/10/02 16:39,GET,20,20,0,0,37.080753899,1.85403769495,1.693409777,2.976642855,3.263534782
2026/10/02 16:39,PUT,295,295,0,54268450,1876.038323172,6.359451942955932,5.242112916,14.883349658,20.589098712
2026/10/02 16:40,DELETE,370,370,0,0,591.016279819,1.5973412968081082,1.3764504965,4.272390796,7.032858885
2026/10/02 16:40,PUT,268,266,2,96723986,1771.8785431219999,6.611487101201493,5.066873338000001,16.675180233,30.00130757
2026/10/02 16:41,DELETE,323,322,1,0,594.864188308,1.84168479352322,1.295464641,4.890732435,5.86828277
2026/10/02 16:41,PUT,283,283,0,14820298,1693.062597059,5.982553346498233,4.885357667,13.442847959,20.147913645
2026/10/02 16:42,DELETE,35,35,0,0,172.95903983,4.941686852285715,4.787824874,8.981872397,11.437434777
2026/10/02 16:42,GET,11,11,0,0,22.317978033,2.028907093909091,1.398868946,9.431347713,9.431347713
2026/10/02 16:42,PUT,68,68,0,6781111,656.73440756,9.657858934705882,4.8376263445,25.573183819,29.758996924
