minute,class,put_count,success_count,failure_count,raw_sum,payload_sum,payload_lt1024_count
2026/10/02 01:49,recovered_staging,225,225,0,10399744,1783270,136
2026/10/02 01:50,recovered_staging,505,505,0,61952000,17416044,247
2026/10/02 01:51,compaction,42,42,0,176160768,13659433,0
2026/10/02 01:51,recovered_staging,413,413,0,44040192,11335918,201
2026/10/02 01:52,compaction,22,22,0,92274688,12142577,0
2026/10/02 01:52,recovered_staging,365,365,0,27615232,6504771,213
2026/10/02 01:53,recovered_staging,395,395,0,53907456,17076301,186
2026/10/02 01:54,compaction,65,64,1,272629760,74174109,0
2026/10/02 01:54,recovered_staging,267,267,0,33681408,12346927,148
2026/10/02 01:55,compaction,159,159,0,666828800,172952450,0
2026/10/02 01:55,recovered_staging,145,145,0,15810560,3836870,83
2026/10/02 01:56,compaction,19,19,0,79691776,41365738,0
2026/10/02 01:56,recovered_staging,335,335,0,14733312,2600920,212
2026/10/02 01:57,compaction,139,139,0,578879488,72112963,8
2026/10/02 01:57,recovered_staging,167,167,0,18735104,4398732,80
2026/10/02 01:58,compaction,103,102,1,427884544,26634286,8
2026/10/02 01:58,recovered_staging,216,216,0,15024128,4052279,114
2026/10/02 01:59,compaction,91,91,0,378830848,66104950,0
2026/10/02 01:59,recovered_staging,226,226,0,10014720,2886946,121
2026/10/02 02:00,compaction,35,35,0,143593472,8318375,0
2026/10/02 02:00,recovered_staging,344,344,0,29691904,6342313,186
2026/10/02 02:01,compaction,158,158,0,657035264,33946769,0
2026/10/02 02:01,recovered_staging,110,110,0,9424896,2853095,55
2026/10/02 02:02,compaction,207,207,0,864051200,149283864,0
2026/10/02 02:02,recovered_staging,32,32,0,3735552,1475620,12
2026/10/02 02:03,compaction,186,186,0,779157504,116220042,29
2026/10/02 02:03,recovered_staging,66,66,0,1179648,372357,42
2026/10/02 02:04,compaction,214,214,0,897056768,63881536,51
2026/10/02 02:04,recovered_staging,51,51,0,3674112,704509,31
2026/10/02 02:05,compaction,233,233,0,975257600,95462710,70
2026/10/02 02:05,recovered_staging,58,58,0,3596288,952971,35
2026/10/02 02:06,compaction,171,171,0,712511488,113836110,2
2026/10/02 02:06,recovered_staging,102,102,0,6615040,1418642,61
2026/10/02 02:07,compaction,193,193,0,808390656,131485999,2
2026/10/02 02:07,recovered_staging,46,46,0,2957312,1296941,27
2026/10/02 02:08,compaction,63,63,0,263262208,16240504,0
2026/10/02 02:08,recovered_staging,267,267,0,25489408,5939167,132
2026/10/02 02:09,compaction,145,145,0,608174080,114236708,0
2026/10/02 02:09,recovered_staging,126,126,0,9347072,2460254,71
2026/10/02 02:10,compaction,79,79,0,331350016,20430387,8
2026/10/02 02:10,recovered_staging,267,267,0,15495168,3425686,155
2026/10/02 02:11,compaction,81,81,0,339492864,18521301,0
2026/10/02 02:11,recovered_staging,267,267,0,23441408,4967684,151
2026/10/02 02:12,compaction,173,173,0,724721664,38860801,0
2026/10/02 02:12,recovered_staging,132,132,0,12353536,3309530,59
2026/10/02 02:13,compaction,162,161,1,679415808,155154542,0
2026/10/02 02:13,recovered_staging,165,165,0,10416128,2673241,98
2026/10/02 02:14,compaction,64,64,0,268435456,12699174,0
2026/10/02 02:14,recovered_staging,323,323,0,24420352,5485543,169
2026/10/02 02:15,compaction,35,35,0,145301504,7564539,0
2026/10/02 02:15,recovered_staging,312,312,0,19836928,5424630,171
2026/10/02 02:16,compaction,76,76,0,318767104,13957489,0
2026/10/02 02:16,recovered_staging,308,308,0,25526272,6366230,177
2026/10/02 02:17,compaction,81,81,0,338960384,19221650,0
2026/10/02 02:17,recovered_staging,272,272,0,14016512,3980105,154
2026/10/02 02:18,compaction,50,50,0,205721600,9255450,0
2026/10/02 02:18,recovered_staging,323,323,0,19243008,5757272,175
2026/10/02 02:19,compaction,131,131,0,547954688,62776649,0
2026/10/02 02:19,recovered_staging,204,204,0,10997760,2137680,123
2026/10/02 02:20,compaction,44,44,0,183836672,9038029,0
2026/10/02 02:20,recovered_staging,333,333,0,38764544,10992283,189
2026/10/02 02:21,compaction,33,33,0,138412032,4694516,0
2026/10/02 02:21,recovered_staging,331,331,0,33128448,8491012,185
2026/10/02 02:22,compaction,64,64,0,268435456,14946173,0
2026/10/02 02:22,recovered_staging,282,282,0,13959168,3714903,178
2026/10/02 02:23,compaction,45,45,0,185147392,10727655,0
2026/10/02 02:23,recovered_staging,327,327,0,16052224,4400499,180
2026/10/02 02:24,compaction,21,21,0,88080384,4815159,0
2026/10/02 02:24,recovered_staging,30,30,0,352256,34227,19
